player_short,position
A.Abdullah,RB
A.Adams,DB
A.Adeoye,LB
A.Akingbulu,OL
A.Al-Shaair,LB
A.Alexander,DB
A.Allen,DB
A.Alufohai,DL
A.Amos,DB
A.Anderson,DL
A.Andrews,RB
A.Ankrah,LB
A.Anthony,LB
A.Anzalone,LB
A.Arcuri,OL
A.Armah,RB
A.Armstead,DL
A.Armstrong,LB
A.Aruna,DL
A.Auclair,TE
A.Averett,DB
A.Ayers,LB
A.Baccellia,WR
A.Bachman,WR
A.Bailey,DL
A.Balducci,OL
A.Ball,DB
A.Banjo,DB
A.Banks,OL
A.Barbre,OL
A.Barnard,K
A.Barnes,DB
A.Barno,DL
A.Barr,LB
A.Barrett,DL
A.Bars,OL
A.Bazzie,LB
A.Beck,TE
A.Beecham,OL
A.Bellard,OL
A.Bello,LB
A.Benn,WR
A.Benton,LB
A.Bergstrom,OL
A.Bethea,DB
A.Bighill,LB
A.Bilal,LB
A.Billings,DL
A.Bisnowaty,OL
A.Blackson,DL
A.Bledsoe,DL
A.Bloom,TE
A.Blount,LB
A.Blue,RB
A.Blythe,OL
A.Boldin,WR
A.Boone,OL
A.Booth,DB
A.Bouye,DB
A.Bradshaw,RB
A.Branch,DL
A.Brewer,LS
A.Brooks,DB
A.Brooks-James,RB
A.Brown,WR
A.Bryant,DL
A.Burbridge,WR
A.Burns,DB
A.Butler,DL
A.Byers,DL
A.Caldwell,WR
A.Calitro,LB
A.Callaway,WR
A.Cann,OL
A.Cappa,OL
A.Carlisle,WR
A.Carr,WR
A.Carrington,DL
A.Carter,DB
A.Castonzo,OL
A.Chachere,DB
A.Chesley,DB
A.Chickillo,LB
A.Chisum,WR
A.Choice,RB
A.Cioffi,DB
A.Cisco,DB
A.Clayborn,DL
A.Cleveland,TE
A.Colbert,DB
A.Cole,P
A.Coleman,DB
A.Collins,OL
A.Colquhoun,DB
A.Colvin,DB
A.Cooper,WR
A.Corbett,OL
A.Coyle,OL
A.Crawford,DL
A.Cromartie,DB
A.Cross,RB
A.Crosswell,DB
A.Cruz,WR
A.Cutting,LS
A.Dable,WR
A.Dalton,QB
A.Daramy-Swaray,DB
A.Darboh,WR
A.Darby,DB
A.Davis,DB
A.Davis-Gaither,LB
A.DePaola,LS
A.Debose,WR
A.Deculus,OL
A.Denham,TE
A.Dent,LB
A.Derby,TE
A.Dillard,OL
A.Dillon,RB
A.Dobson,WR
A.Donald,DL
A.Donkor,LB
A.Donnal,OL
A.Dowell,LB
A.Draughn,DB
A.Duke,WR
A.Dulin,WR
A.Dupree,LB
A.Ealy,OL
A.East,LS
A.Ebiketie,LB
A.Edwards,DL
A.Ekeler,RB
A.Ellington,RB
A.Elliott,DB
A.Ellis,TE
A.Epenesa,DL
A.Epps,OL
A.Erickson,WR
A.Etta-Tawo,WR
A.Evans,DB
A.Everett,OL
A.Exford,DB
A.Exum,DB
A.Fabiano,OL
A.Faoliu,DL
A.Fasano,TE
A.Fayad,DL
A.Firkser,TE
A.Fleer,OL
A.Forbes,OL
A.Fort,TE
A.Foster,RB
A.Francis,DL
A.Franks,K
A.Fua,LB
A.Fuehne,TE
A.Fuller,WR
A.Gachkar,LB
A.Gallik,OL
A.Gandy-Golden,WR
A.Garcia,OL
A.Gardner,OL
A.Gates,TE
A.Gearing,LB
A.Gennesy,OL
A.Gentry,WR
A.Gettis,OL
A.Gibson,RB
A.Gilman,DB
A.Glanton,LB
A.Golson,OL
A.Gooden,LB
A.Goodley,WR
A.Gordon,QB
A.Gotsis,DL
A.Grant,WR
A.Gray,TE
A.Green,WR
A.Grymes,DB
A.Gutierrez,OL
A.Hal,DB
A.Hall,OL
A.Hambright,OL
A.Hamilton,DB
A.Hansford,LB
A.Harris,DB
A.Havili,DL
A.Hawk,LB
A.Hawkins,WR
A.Henderson,DB
A.Hendy,DB
A.Herrera,LB
A.Hicks,DL
A.Highsmith,LB
A.Hill,DB
A.Hines,LB
A.Hitchens,LB
A.Hoffman,OL
A.Holder,DB
A.Hollins,WR
A.Holmes,WR
A.Hooker,DB
A.Hooper,TE
A.Horvath,RB
A.Howard,OL
A.Huggins,DL
A.Humphries,WR
A.Hunt,RB
A.Hurns,WR
A.Hutchinson,DL
A.Ingold,RB
A.Isabella,WR
A.Ivie,DL
A.Jackson,DB
A.James,OL
A.Janovich,RB
A.Jefferson,DL
A.Jeffery,WR
A.Jelks,OL
A.Jenkins,DL
A.Jennings,LB
A.Johnson,DL
A.Jones,DL
A.Judd,RB
A.Kamara,RB
A.Kaser,P
A.Kessman,K
A.Key,DL
A.Killins,RB
A.King,DB
A.Klein,LB
A.Knappe,OL
A.Knott,OL
A.Kouandjio,OL
A.Kozan,OL
A.Kukwa,LS
A.Lacombe,WR
A.Laguda,DB
A.Lampkin,DB
A.Lanier,DL
A.Larkin,DL
A.Lauderdale,OL
A.Lazard,WR
A.Leatherwood,OL
A.Lee,P
A.Levine,DB
A.Levitre,OL
A.Levrone,WR
A.Lewis,OL
A.Light,OL
A.Lindstrom,OL
A.Logan,LB
A.Louis-Jean,DB
A.Love,DL
A.Lucas,OL
A.Luck,QB
A.Lynch,LB
A.Lynn,TE
A.Mabry,DL
A.MacGinnis,K
A.Mack,OL
A.Maddox,DB
A.Mahoungou,WR
A.Maloata,DL
A.Manzo-Lewis,RB
A.Marpet,OL
A.Mattison,RB
A.Maulet,DB
A.McCalister,DL
A.McClain,OL
A.McClellan,LB
A.McDonald,DB
A.McFarland,RB
A.McGough,QB
A.McKinney,OL
A.McNeill,DL
A.Mevis,K
A.Miley,DL
A.Miller,WR
A.Mintze,LB
A.Moats,LB
A.Moeaki,TE
A.Monteiro,OL
A.Moore,DB
A.Morris,RB
A.Morrison,LB
A.Mosby,LB
A.Moss,DL
A.Moten,DL
A.Motuapuaka,LB
A.Muhammad,DL
A.Mulumba,LB
A.Myres,DB
A.Nash,WR
A.Neary,OL
A.Nelson,LB
A.Norwell,OL
A.Nsekhe,OL
A.Nunn,WR
A.Odeleye,DL
A.Officer,OL
A.Ogbongbemiga,LB
A.Ogletree,LB
A.Ogundeji,LB
A.Ojulari,LB
A.Okafor,DL
A.Okwuegbunam,TE
A.Olatoye,DB
A.Opoku,WR
A.Ortiz,LS
A.Oruwariye,DB
A.Ouellette,RB
A.Oyelola,DB
A.Pankey,OL
A.Parchment,WR
A.Parker,WR
A.Parkey,K
A.Pasztor,OL
A.Patmon,DB
A.Patrick,LB
A.Patton,WR
A.Peat,OL
A.Peck,TE
A.Penton,DB
A.Peterson,RB
A.Phillips,DB
A.Pickett,DB
A.Pierce,RB
A.Pittman,LB
A.Pleasants,OL
A.Prentice,RB
A.Price,TE
A.Proehl,WR
A.Quarless,TE
A.Ratliff-Williams,WR
A.Redmond,OL
A.Rehkow,P
A.Reisner,TE
A.Reiter,OL
A.Reth,DL
A.Richardson,WR
A.Ripkowski,RB
A.Roberts,WR
A.Robertson,DB
A.Robinson,WR
A.Rodgers,QB
A.Rogers,TE
A.Rolle,DB
A.Rosas,K
A.Rose,RB
A.Rubin,DL
A.Rupcich,OL
A.Rush,DL
A.Russell,WR
A.Saint-Amour,DL
A.Samuel,DB
A.Sarao,LB
A.Scearce,LB
A.Schlottmann,OL
A.Schwartz,WR
A.Scott,WR
A.Seferian-Jenkins,TE
A.Seibert,K
A.Sendejo,DB
A.Shabazz,DB
A.Shaheen,TE
A.Shampklin,RB
A.Shepherd,OL
A.Sherman,RB
A.Shipley,OL
A.Shittu,DL
A.Shuler,DL
A.Silatolu,OL
A.Simmons,DL
A.Simon,OL
A.Singleton,LB
A.Siposs,P
A.Smith,RB
A.Smithson,DB
A.Soroh,DB
A.Spence,DL
A.Springs,DB
A.Squirewell,RB
A.St. Brown,WR
A.Staggers,WR
A.Stamps,NA
A.Steen,OL
A.Stewart,WR
A.Stinnie,OL
A.Stubbs,LB
A.Studebaker,LB
A.Stueber,OL
A.Swoopes,TE
A.Ta'amu,DL
A.Talib,DB
A.Tanney,QB
A.Tate,WR
A.Taylor,LB
A.Tchangam,DL
A.Terrell,DB
A.Thielen,WR
A.Thomas,DB
A.Thompson,OL
A.Tiller,OL
A.Torgersen,QB
A.Toure,RB
A.Trainer,OL
A.Trammell,WR
A.Trautman,TE
A.Traylor,TE
A.Trumbetti,LB
A.Turzilli,WR
A.Uzdavinis,OL
A.Van Ginkel,LB
A.Vera-Tucker,OL
A.Verner,DB
A.Victor,LB
A.Villanueva,OL
A.Vinatieri,K
A.Vollert,TE
A.Wadley,RB
A.Wagner,WR
A.Walker,LB
A.Wallace,LB
A.Walter,RB
A.Ware,RB
A.Washington,DL
A.Watkins,WR
A.Watts,DB
A.Wesley,WR
A.Whitworth,OL
A.Williams,RB
A.Williamson,LB
A.Wilson,WR
A.Winbush,LB
A.Winfield,DB
A.Wingard,DB
A.Wint,LB
A.Witherspoon,DB
A.Wolf,WR
A.Woods,DL
A.Wright,DL
A.Wylie,OL
A.Ya-Sin,DB
A.Young,OL
A.Zaruba,TE
A.Zettel,DL
B.Addison,WR
B.Aiyuk,WR
B.Albert,OL
B.Albright,LB
B.Allen,QB
B.Allen-Williams,LB
B.Anae,DL
B.Anderson,RB
B.Andries,OL
B.Anger,P
B.Annen,TE
B.Asamoah,LB
B.Austin,DB
B.Bair,DL
B.Baker,DB
B.Banks,DL
B.Banogu,DL
B.Barnes,TE
B.Bars,DL
B.Bartch,OL
B.Baylor,RB
B.Beise,TE
B.Bell,TE
B.Bennett,DL
B.Benwikere,DB
B.Benzschawel,OL
B.Berrios,WR
B.Bersin,WR
B.Beyer,LB
B.Blackmar,OL
B.Blunt,LB
B.Bobo,WR
B.Boddy-Calhoun,DB
B.Bolden,RB
B.Borders,DB
B.Bortles,QB
B.Bostick,TE
B.Boulware,LB
B.Bower,LB
B.Bowman,TE
B.Boykin,DB
B.Boyko,OL
B.Bozeman,OL
B.Braden,OL
B.Bradley,LB
B.Braman,DL
B.Brandel,OL
B.Braunecker,TE
B.Bredeson,OL
B.Breeland,DB
B.Breeze,DB
B.Brinkley,LS
B.Brooks,OL
B.Brown,LB
B.Brown-Dukes,RB
B.Browner,DB
B.Browning,LB
B.Bryant,DL
B.Bulaga,OL
B.Burks,RB
B.Burns,DL
B.Burr-Kirven,LB
B.Butler,WR
B.Callahan,DB
B.Camper,OL
B.Canady,DB
B.Carr,DB
B.Carter,LB
B.Cashman,LB
B.Celek,TE
B.Cheek,DB
B.Cherry,WR
B.Christensen,OL
B.Chubb,LB
B.Church,DB
B.Clausell,OL
B.Clay,DB
B.Cleveland,OL
B.Cofield,DL
B.Cole,DB
B.Coleman,WR
B.Colquitt,P
B.Cook,DB
B.Cooks,WR
B.Copeland,LB
B.Cosby,DB
B.Cottom,TE
B.Countess,DB
B.Covey,WR
B.Cowart,DL
B.Cox,DL
B.Coyle,LB
B.Cunningham,RB
B.Cushing,LB
B.Dandridge,DB
B.Daniels,WR
B.Deaderick,DL
B.DiNucci,QB
B.Dillon,TE
B.Dixon,DB
B.Doughty,QB
B.Dubose,NA
B.Dunn,DL
B.Dupree,LB
B.Echols,DB
B.Edwards,WR
B.Ellefson,TE
B.Ellington,WR
B.Ellis,LB
B.Estime,WR
B.Evans,OL
B.Facyson,DB
B.Fehoko,DL
B.Ferguson,LS
B.Fineanganofo,OL
B.Finney,OL
B.Flowers,DB
B.Folkerts,OL
B.Fowler,WR
B.Franklin,DB
B.Fusco,OL
B.Gabbert,QB
B.Gaither,WR
B.Gardner,LB
B.Garland,OL
B.Gaston,DL
B.Gedeon,LB
B.Giacomini,OL
B.Gibson,WR
B.Gillikin,P
B.Golden,WR
B.Goode,LS
B.Goodson,LB
B.Gottschalk,OL
B.Gouger,OL
B.Gradkowski,QB
B.Graham,DL
B.Greene,OL
B.Grimes,DB
B.Grubbs,OL
B.Hager,LB
B.Hall,DB
B.Hance,OL
B.Hand,DB
B.Harris,OL
B.Hart,OL
B.Hartline,WR
B.Haubeil,K
B.Hawkins,DB
B.Hector,DL
B.Heeney,LB
B.Heggie,OL
B.Hekking,LB
B.Hepburn,LB
B.Hill,RB
B.Hitner,OL
B.Hodges,TE
B.Hoffman,OL
B.Holly,RB
B.Hopkins,TE
B.Houston,QB
B.Howard,WR
B.Hoyer,QB
B.Hoyett,DL
B.Huff,DL
B.Hundley,QB
B.Ijalana,OL
B.Irvin,LB
B.Jackson,DL
B.Jacobs,LB
B.Jaimes,OL
B.Jarwin,TE
B.Jennings,WR
B.Johnson,K
B.Jones,OL
B.Jordan,TE
B.Kaaya,QB
B.Kaufusi,DL
B.Keeton,DB
B.Kemp,OL
B.Kern,P
B.King,LB
B.Knight,OL
B.Knox,RB
B.Koback,RB
B.Koyack,TE
B.Kublanow,OL
B.LaFell,WR
B.Labelle,TE
B.Langley,DB
B.LeCompte,NA
B.LeMay,RB
B.Lemmons,DB
B.Lenius,TE
B.Lewerke,QB
B.Lewis,WR
B.Linder,OL
B.Logan,DL
B.Lokombo,LB
B.London,LB
B.Love,RB
B.Lundblade,OL
B.Lynch,LB
B.Mack,WR
B.Mafe,LB
B.Maher,K
B.Mahon,OL
B.Mann,P
B.Marquez,WR
B.Marshall,LB
B.Martinez,LB
B.Mason,TE
B.Massie,OL
B.Maxwell,DB
B.Mayfield,QB
B.Mayowa,DL
B.McCain,DB
B.McCord,TE
B.McDougald,DB
B.McGee,DB
B.McKinney,LB
B.McManus,K
B.Mebane,DL
B.Melton,WR
B.Meriweather,DB
B.Mihalik,OL
B.Miller,WR
B.Mills,DB
B.Mingo,LB
B.Mitchell,WR
B.Mone,DL
B.Moore,TE
B.Mosley,OL
B.Muir,OL
B.Murphy,DB
B.Murray,DL
B.Myers,TE
B.Natson,WR
B.Nichols,DL
B.Niemann,LB
B.Nortman,P
B.Notree,LB
B.Nunn,OL
B.O'Neill,OL
B.Okotcha,DB
B.Olaseni,OL
B.Oliver,RB
B.Orakpo,LB
B.Osweiler,QB
B.Parker,OL
B.Pascoe,TE
B.Perkins,QB
B.Perriman,WR
B.Person,NA
B.Peters,LB
B.Petrula,OL
B.Pettigrew,TE
B.Petty,QB
B.Pierce,RB
B.Pinion,P
B.Poole,DB
B.Potoa'e,DL
B.Powell,RB
B.Powers,OL
B.Price,DL
B.Pringle,WR
B.Purdy,QB
B.Quick,WR
B.Qvale,OL
B.Radcliff,RB
B.Radley-Hiles,DB
B.Raimann,OL
B.Rainey,RB
B.Rambo,DB
B.Randolph,DB
B.Reed,DL
B.Reedy,WR
B.Reilly,WR
B.Renaud,RB
B.Renner,QB
B.Richardson,DL
B.Riley,WR
B.Roback,QB
B.Roberts,DL
B.Robinson,RB
B.Robison,DL
B.Roby,DB
B.Rodgers,DL
B.Roethlisberger,QB
B.Ross,RB
B.Rotimi,DL
B.Roy,DL
B.Ruble,OL
B.Rusnak,DB
B.Rypien,QB
B.Sanders,DB
B.Sandland,TE
B.Sankey,RB
B.Scarlett,LB
B.Scherff,OL
B.Schooler,DB
B.Schwenke,OL
B.Scott,RB
B.Seaton,OL
B.Sebastian,DB
B.Seikovits,TE
B.Sheldon,LB
B.Shell,OL
B.Shippen,WR
B.Sims,RB
B.Skowronek,WR
B.Smith,OL
B.Snell,RB
B.Sorensen,QB
B.Sowell,OL
B.Spain,OL
B.Speaks,DL
B.Spector,LB
B.Spikes,LB
B.St-Juste,DB
B.Stallings,OL
B.Stephens,DB
B.Sterk,TE
B.Stewart,DB
B.Stille,DL
B.Stingily,OL
B.Stiverson,OL
B.Stork,OL
B.Sylve,DB
B.Tate,WR
B.Taylor,LB
B.Thomas,OL
B.Thompson,DB
B.Toth,OL
B.Traore,OL
B.Trawick,DB
B.Treggs,WR
B.Turner,OL
B.Urban,DL
B.Vereen,DB
B.Victor,WR
B.Wade,LB
B.Wagner,LB
B.Wallace,OL
B.Walsh,K
B.Walters,WR
B.Walton,OL
B.Washington,DL
B.Watson,TE
B.Watts,LB
B.Webb,DB
B.Weeden,QB
B.Weiss,OL
B.Werner,LB
B.Whitley,DL
B.Wilds,RB
B.Williams,DL
B.Wilson,DB
B.Wing,P
B.Winn,DL
B.Winters,OL
B.Witzmann,OL
B.Womac,DL
B.Woodson,DL
B.Wreh-Wilson,DB
B.Wright,TE
B.Young,LB
B.Zappe,QB
B.Zylstra,WR
C.Adomitis,LS
C.Agudosi,WR
C.Akers,RB
C.Akins,LB
C.Albright,LB
C.Alecxih,DL
C.Allen,LB
C.Anderson,OL
C.Angeline,TE
C.Angulo,DB
C.Anunoby,DL
C.Ariguzo,LB
C.Armstrong,DB
C.Artis-Payne,RB
C.Atwell,WR
C.Austin,WR
C.Avery,LB
C.Avril,DL
C.Awuzie,DB
C.Azubike,NA
C.Baker,DL
C.Ballard,DB
C.Ballentine,DB
C.Banjo,DB
C.Banwart,OL
C.Barker,OL
C.Barmore,DL
C.Barth,K
C.Barton,LB
C.Barwin,LB
C.Basham,DL
C.Batson,WR
C.Bawden,RB
C.Bazile,TE
C.Beasley,WR
C.Beathard,QB
C.Beebe,WR
C.Benenoch,OL
C.Benford,DB
C.Blackwell,OL
C.Blair,WR
C.Blake,WR
C.Blewitt,K
C.Bluiett,TE
C.Board,WR
C.Boffeli,OL
C.Bojorquez,P
C.Boling,OL
C.Bolton,LB
C.Boozer,OL
C.Bordelon,OL
C.Boswell,K
C.Boutte,DB
C.Bozick,OL
C.Bradfield,OL
C.Bradford,LB
C.Brantley,DL
C.Brate,TE
C.Brewer,OL
C.Brice,LB
C.Briggs,OL
C.Brooks,DB
C.Broughton,DL
C.Brown,WR
C.Bryant,DB
C.Butler,DB
C.Bykowski,OL
C.Byndom,DB
C.Bynum,DB
C.Cabral,OL
C.Campbell,DL
C.Canty,DL
C.Capi,DL
C.Carradine,DL
C.Carson,RB
C.Carter,TE
C.Casher,LB
C.Catanzaro,K
C.Cheeseman,LS
C.Chekwa,DB
C.Chester,OL
C.Christiansen,LB
C.Clark,OL
C.Clay,TE
C.Claybrooks,DB
C.Claypool,WR
C.Clement,RB
C.Clements,DL
C.Clemons,DB
C.Coffman,TE
C.Coleman,WR
C.Collins,LB
C.Conley,WR
C.Conrad,TE
C.Conte,DB
C.Conway,OL
C.Cook,QB
C.Cooper,DB
C.Cordasco,OL
C.Core,WR
C.Cothran,DL
C.Coughlin,LB
C.Covington,DL
C.Cox,LS
C.Cronk,OL
C.Cross,OL
C.Croston,OL
C.Culliver,DB
C.Dahl,DB
C.Daniel,QB
C.Dantzler,DB
C.Darrisaw,OL
C.Davis,DB
C.DeBord,OL
C.DiLauro,OL
C.Dicker,P
C.Dublin,OL
C.Duck,DB
C.Duncan,WR
C.Dunlap,DL
C.Dunn,OL
C.Durant,OL
C.Echard,TE
C.Edison,OL
C.Edmonds,RB
C.Edoga,OL
C.Edwards,DB
C.Edwards-Helaire,RB
C.Egbule,LB
C.Eifler,LB
C.Elder,DB
C.Elliss,LB
C.Emmons,RB
C.Erving,OL
C.Evans,RB
C.Ezeala,RB
C.Farley,DB
C.Farris,OL
C.Feigt,OL
C.Fejedelem,DB
C.Ferguson,LS
C.Ferrell,DL
C.Fiedorowicz,TE
C.Fields,LB
C.Finke,WR
C.Finnegan,DB
C.Flagel,DL
C.Fleener,TE
C.Fleming,OL
C.Flott,DB
C.Ford,OL
C.Fotheringham,TE
C.French,LB
C.Frey,LB
C.Fuller,WR
C.Gaines,DB
C.Garbers,QB
C.Gardner,OL
C.Gardner-Johnson,DB
C.Garrett,LB
C.Geathers,DB
C.Germany,WR
C.Gill,LB
C.Gillaspia,RB
C.Gillmore,TE
C.Givens,WR
C.Glaser,OL
C.Glenn,OL
C.Golston,DL
C.Gonzalez,OL
C.Goode,LB
C.Goodwin,DB
C.Gossett,OL
C.Gragg,TE
C.Graham,DB
C.Granderson,DL
C.Grant,RB
C.Gray,RB
C.Grayson,WR
C.Green,OL
C.Greenway,LB
C.Griffin,DB
C.Grugier-Hill,LB
C.Hackenberg,QB
C.Hackett,DB
C.Hairston,OL
C.Ham,RB
C.Hamilton,WR
C.Hamlett,TE
C.Hansen,LB
C.Harbor,TE
C.Harkey,TE
C.Harper,WR
C.Harrell,TE
C.Harris,DB
C.Hayward,DB
C.Hazel,WR
C.Heck,OL
C.Hedelin,NA
C.Hedlund,K
C.Heiman,LB
C.Helfet,TE
C.Helms,OL
C.Henderson,DB
C.Hendrickson,DL
C.Henne,QB
C.Herdman,TE
C.Herndon,TE
C.Herring,OL
C.Heurtelou,DL
C.Heyward,DL
C.Hicks,LB
C.Highland,LS
C.Hikutini,TE
C.Hilland,OL
C.Hines,OL
C.Hinton,DL
C.Hodges,TE
C.Hogan,WR
C.Holba,LS
C.Holcomb,LB
C.Hollister,WR
C.Holmes,DB
C.Hubbard,OL
C.Hubert,WR
C.Hughlett,LS
C.Humes,DB
C.Humphrey,OL
C.Hunt,OL
C.Huntley,RB
C.Hyde,RB
C.Ivory,RB
C.Iwuagwu,OL
C.Jackson,DB
C.Jacobs,WR
C.James,DB
C.Jefferson,OL
C.Jenkins,DL
C.Jessop,QB
C.Jeter,TE
C.Johnson,WR
C.Johnston,P
C.Jones,DB
C.Jordan,DL
C.Jumper,LB
C.Jurgens,OL
C.Kaepernick,QB
C.Kanoff,QB
C.Kaufusi,OL
C.Keenum,QB
C.Kelley,QB
C.Kelly,QB
C.Kemp,DL
C.Kessler,QB
C.Kidder,DL
C.King,WR
C.Kirk,WR
C.Kirksey,LB
C.Kmet,TE
C.Kolar,TE
C.Kouandjio,OL
C.Kreiter,LS
C.Kuntz,LB
C.Kupp,WR
C.LaCouture,DL
C.Lacy,WR
C.Laing,DL
C.Lamb,WR
C.Lammons,DB
C.Landrum,DL
C.Lang,OL
C.Latimer,WR
C.Lattimore,DL
C.Law,LB
C.Lawrence,NA
C.Lawson,DL
C.LeBlanc,DB
C.Lee,OL
C.Lemon,OL
C.Lemonier,LB
C.Leno,OL
C.Levin,OL
C.Lewis,DB
C.Lewis-Harris,DB
C.Lindstrom,OL
C.Linsley,OL
C.Littleton,LB
C.Litton,QB
C.Liuget,DL
C.Lofton,LB
C.Long,DL
C.Louis,DL
C.Lucas,OL
C.Luckett,LB
C.Luke,DB
C.Lynch,LB
C.Lyons,DL
C.Madden,RB
C.Madison,OL
C.Mager,DB
C.Maggitt,LB
C.Maluia,LB
C.Malveaux,DL
C.Manac,LB
C.Manhart,OL
C.Manhertz,TE
C.Maragos,DB
C.Marsh,DL
C.Marshall,RB
C.Martin,OL
C.Mathieu,DL
C.Matthew,DB
C.Matthews,LB
C.Mayes,DL
C.Mays,OL
C.Mazza,LS
C.McCaffrey,RB
C.McCain,DL
C.McCoy,QB
C.McDermott,OL
C.McDonald,DL
C.McElroy,TE
C.McGovern,OL
C.McGrone,LB
C.McKinzy,LB
C.McKivitz,OL
C.McLaughlin,K
C.Meier,TE
C.Meredith,WR
C.Michael,RB
C.Middleton,LB
C.Mikell,DB
C.Miller,DB
C.Milton,DB
C.Montano,OL
C.Moore,DB
C.Mosley,LB
C.Muma,LB
C.Munnerlyn,DB
C.Munson,LB
C.Murray,DL
C.Myarick,TE
C.Naggar,K
C.Nassib,DL
C.Ndulue,DL
C.Nelson,LB
C.Newton,QB
C.Nizialek,P
C.O'Donnell,OL
C.O'Neal,RB
C.Odom,LB
C.Ogbuehi,OL
C.Okeke,OL
C.Okonkwo,TE
C.Okorafor,OL
C.Okoye,DL
C.Oladokun,QB
C.Olave,WR
C.Omenihu,DL
C.Orr,LB
C.Otton,TE
C.Owens,DB
C.Owusu,WR
C.Pace,LB
C.Palmer,QB
C.Pantale,TE
C.Parkey,K
C.Parkinson,TE
C.Patterson,WR
C.Patton,DL
C.Paul,OL
C.Peace,LB
C.Peake,WR
C.Pearson,WR
C.Peerman,RB
C.Pelon,DL
C.Peters,DL
C.Phillips,DL
C.Pierce,TE
C.Platel,DB
C.Polk,RB
C.Ponder,QB
C.Posey,WR
C.Poutasi,OL
C.Powell,WR
C.Price,RB
C.Proehl,WR
C.Prosinski,DB
C.Prosise,RB
C.Pryor,DB
C.Rahrig,OL
C.Rambo,WR
C.Reavis,DB
C.Redding,DL
C.Reed,OL
C.Reid,DL
C.Reynolds,RB
C.Richardson,OL
C.Ridley,WR
C.Riggs,DB
C.Riley,DB
C.Ringo,DL
C.Rivers,DL
C.Robbins,DL
C.Robertson,LB
C.Robinson,OL
C.Rogers,WR
C.Roullier,OL
C.Rowland,WR
C.Rozeboom,LB
C.Ruiz,OL
C.Rumph,LB
C.Rush,QB
C.Russell,LB
C.Sam,LB
C.Sample,DL
C.Samuel,WR
C.Santos,K
C.Saunders,WR
C.Sayles,DL
C.Scarff,TE
C.Scarlett,RB
C.Schleuger,OL
C.Schmidt,P
C.Schneider,OL
C.Scotland-Williamson,TE
C.Scott,WR
C.Sensabaugh,DB
C.Serigne,TE
C.Severin,WR
C.Shatley,OL
C.Shaw,QB
C.Sheehy,DL
C.Shelton,OL
C.Shorts,WR
C.Shudak,K
C.Simpson,WR
C.Sims,WR
C.Slade,OL
C.Slayton,DL
C.Smith,DL
C.Snowden,LB
C.Spiller,RB
C.Steele,DB
C.Sterns,DB
C.Stevens,TE
C.Stingily,RB
C.Strachan,LB
C.Straughter,DB
C.Streveler,QB
C.Stribling,DB
C.Strong,QB
C.Sturgis,K
C.Sullivan,DB
C.Surratt,LB
C.Sutton,DB
C.Swain,RB
C.Tago,LB
C.Tankersley,DB
C.Tapper,DL
C.Taumoepeau,TE
C.Taylor,DL
C.Taylor-Britt,DB
C.Thomas,DL
C.Thompson,WR
C.Thornton,DL
C.Thorson,QB
C.Throckmorton,OL
C.Tillman,DB
C.Tindal,DB
C.Tindall,LB
C.Tinker,LS
C.Tom,OL
C.Toner,OL
C.Toohill,DL
C.Tucker,OL
C.Turner,TE
C.Underwood,TE
C.Uphoff,DB
C.Upshaw,DL
C.Uzomah,TE
C.Van Lanen,OL
C.Vaughn,DB
C.Verdell,RB
C.Vereen,DL
C.Volson,OL
C.Wade,RB
C.Wadman,P
C.Waitman,P
C.Wake,DL
C.Walford,TE
C.Walker,DL
C.Wallace,OL
C.Ward,DB
C.Warmack,OL
C.Warren,RB
C.Washington,DB
C.Watkins,DL
C.Watson,WR
C.Watt,OL
C.Watts,OL
C.Weaver,DL
C.Wedington,WR
C.Wells,LB
C.Wentz,QB
C.West,RB
C.Westerman,OL
C.Westry,DB
C.Wheeler,OL
C.White,WR
C.Whitehair,OL
C.Whitehurst,QB
C.Wichmann,OL
C.Wick,TE
C.Wilcox,DB
C.Wiley,LB
C.Wilkins,DL
C.Williams,OL
C.Williamson,DB
C.Willis,WR
C.Wilson,WR
C.Winovich,DL
C.Witten,TE
C.Woerner,TE
C.Wooten,LB
C.Wootton,DL
C.Worley,LB
C.Wormley,DL
C.Worthy,WR
C.Worton,WR
C.Wray,DL
C.Wujciak,DL
C.Yeast,DB
C.York,K
C.Young,DL
D.Abrams,DB
D.Acy,DB
D.Adams,WR
D.Aiken,LS
D.Akunne,LB
D.Alexander,LB
D.Alford,DB
D.Allen,LB
D.Amendola,WR
D.Amerson,DB
D.Amos,DB
D.Anderson,QB
D.Andrews,OL
D.Anenih,LB
D.Anthrop,WR
D.Archer,RB
D.Archibong,DL
D.Arkin,OL
D.Armstrong,DL
D.Arnette,DB
D.Arnold,TE
D.Asiasi,TE
D.Askew-Henry,DB
D.Autry,DL
D.Ayers,WR
D.Bada,DL
D.Bailey,K
D.Baity,DB
D.Baker,DB
D.Bakhtiari,OL
D.Baldwin,WR
D.Banfield,DL
D.Barclay,OL
D.Barnes,LB
D.Barnett,DL
D.Bass,LB
D.Bates,LB
D.Bausby,DB
D.Beavers,LB
D.Belcher,TE
D.Bell,DB
D.Bellamy,LB
D.Bellinger,TE
D.Belton,DB
D.Bishop,LB
D.Bituli,LB
D.Blackmon,DB
D.Bland,DB
D.Blough,QB
D.Bond,LB
D.Booker,RB
D.Bootle,DB
D.Bowe,WR
D.Boyd,OL
D.Bradley,DL
D.Bradwell,RB
D.Braverman,WR
D.Breaux,DB
D.Brees,QB
D.Brown,OL
D.Brunskill,OL
D.Bruton,DB
D.Bryant,WR
D.Bucannon,LB
D.Buchholz,OL
D.Buckner,DL
D.Burnett,WR
D.Burton,DB
D.Bush,DB
D.Butler,DB
D.Byrd,WR
D.Cain,WR
D.Cajuste,TE
D.Calhoun,OL
D.Campbell,LB
D.Cantrell,TE
D.Carey,DB
D.Carlson,K
D.Carpenter,K
D.Carr,QB
D.Carrier,TE
D.Carrington,WR
D.Carter,WR
D.Chappell,DB
D.Chark,WR
D.Cheek,QB
D.Cherry,LB
D.Chisena,WR
D.Chrisman,P
D.Christmas,DL
D.Clark,OL
D.Cobb,RB
D.Cochran,OL
D.Cole,LB
D.Coleman,DL
D.Collins,WR
D.Colquitt,P
D.Cook,RB
D.Costin,DL
D.Cox,DB
D.Crockett,RB
D.Cross,DB
D.Crossan,RB
D.Crowder,LB
D.Cruikshank,DB
D.Crum,QB
D.Dade,LB
D.Dafney,TE
D.Daley,OL
D.Dallas,RB
D.Dalman,OL
D.Daniel,DB
D.Daniels,TE
D.Davidson,DL
D.Davie,DB
D.Davis,LB
D.Dawkins,OL
D.Dawson,DB
D.Day,OL
D.DeCastro,OL
D.Deablo,LB
D.Dean,DL
D.Deaton,OL
D.Deayon,DB
D.Dedmon,WR
D.Deese,TE
D.Delaney,DB
D.Dennard,DB
D.Desjarlais,OL
D.Dillon,LS
D.Dixon,DB
D.Dobbs,DL
D.Donahue,LB
D.Dorbeck,OL
D.Dotson,OL
D.Downs,LB
D.Dozier,OL
D.Drummond,WR
D.Durant,DB
D.Duvernay,WR
D.Dye,WR
D.Easley,DL
D.Eberle,K
D.Edwards,OL
D.Eiselen,OL
D.Ejiofor,LB
D.Ekuale,DL
D.Ellerbe,LB
D.Elliott,DB
D.Elston,DB
D.Ernsberger,TE
D.Eskridge,WR
D.Estrada,WR
D.Etheridge,LB
D.Etling,QB
D.Evans,RB
D.Everett,DB
D.Ezechukwu,DL
D.Faalele,OL
D.Fagot,LB
D.Fales,QB
D.Farrell,OL
D.Feeney,OL
D.Fells,TE
D.Felton,RB
D.Ferris,LS
D.Fields,DB
D.Fitzpatrick,WR
D.Flannigan-Fowles,DB
D.Fleming,LB
D.Fletcher,LB
D.Flowers,DB
D.Fluellen,RB
D.Fluker,OL
D.Ford,DL
D.Foreman,RB
D.Forrest,DB
D.Foster,RB
D.Fountain,WR
D.Fowler,LB
D.Foxx,WR
D.France,OL
D.Free,OL
D.Freeman,RB
D.Freeney,DL
D.Fuller,WR
D.Funchess,WR
D.Gardeck,LB
D.Gardner,DB
D.Gates,LB
D.George,DB
D.Gibson,DL
D.Glidden,WR
D.Godchaux,DL
D.Godsil,LS
D.Goedert,TE
D.Goldson,DB
D.Good,OL
D.Goodson,DB
D.Goolsby,TE
D.Gordon,OL
D.Gore,RB
D.Grant,DB
D.Gratz,DB
D.Gray,WR
D.Grayson,WR
D.Green-Beckham,WR
D.Greene,OL
D.Grinnage,TE
D.Griswold,TE
D.Guice,RB
D.Hall,DB
D.Hamilton,WR
D.Hamlin,DB
D.Hampton,WR
D.Hand,DL
D.Hardy,LB
D.Harmon,DB
D.Harper,LB
D.Harris,WR
D.Harrison,DL
D.Hart,LS
D.Harty,WR
D.Haskins,QB
D.Hatfield,DB
D.Hawkins,OL
D.Hayden,DB
D.Hayes,LB
D.Hazelton,WR
D.Helm,TE
D.Henderson,RB
D.Hendrix,DL
D.Henry,RB
D.Herron,RB
D.Hester,WR
D.Heyward-Bey,WR
D.Hightower,LB
D.Hill,DB
D.Hillary,DB
D.Hilliard,RB
D.Himmelman,OL
D.Hines,LB
D.Hodge,DL
D.Hodges,QB
D.Hollins,LB
D.Holmes,DB
D.Hood,DB
D.Hopkins,K
D.House,DB
D.Houston,WR
D.Houston-Carson,DB
D.Humphries,OL
D.Hunter,DL
D.Hurst,DB
D.Iddings,DL
D.Ihenacho,DB
D.Inman,WR
D.Irving,DL
D.Isidora,OL
D.Isom,DB
D.Jackson,RB
D.James,DB
D.Jeanpiere,WR
D.Jennings,WR
D.Jeter,DL
D.Jibowu,DB
D.Johnson,DB
D.Jones,DL
D.Jordan,DL
D.Joseph,OL
D.Kaser,P
D.Kazee,DB
D.Keaton,WR
D.Keene,TE
D.Kelly,OL
D.Kendrick,DB
D.Kennard,LB
D.Kenney,LB
D.Kerstetter,OL
D.Key,DB
D.Kidsy,WR
D.Kilgo,DL
D.Kilgore,OL
D.Killings,DB
D.Kindred,DB
D.King,DB
D.Kinnard,OL
D.Kirkland,OL
D.Kirkpatrick,DB
D.Kizer,QB
D.Knox,TE
D.Kramer,OL
D.Lacey,LB
D.Lake,DB
D.Lambert,DL
D.Lampkin,DL
D.Lasco,RB
D.Latham,DL
D.Laufasa,RB
D.Lawrence,DL
D.Leal,DL
D.Leavitt,DB
D.Lee,LB
D.Lenoir,DB
D.Leonard,LB
D.Leslie,DL
D.Levy,LB
D.Lewis,RB
D.Liner,DL
D.Llorens,RB
D.Lloyd,LB
D.Lock,QB
D.Lodge,WR
D.London,WR
D.Long,DB
D.Lott,DL
D.Lowe,DB
D.Lowery,DB
D.Lowry,DL
D.Lucien,WR
D.Mabin,DB
D.Mack,DL
D.Maggio,P
D.Malone,LB
D.Mama,OL
D.Marlowe,DB
D.Martin,RB
D.Marvin,K
D.Marx,RB
D.Mason,LB
D.Mathews,LB
D.Mathis,DB
D.Mayo,LB
D.Mays,RB
D.McCluster,RB
D.McCoil,DB
D.McCourty,DB
D.McCoy,QB
D.McCray,DB
D.McCullers,DL
D.McDonald,DB
D.McDougle,DB
D.McFadden,RB
D.McNeil,WR
D.Metcalf,WR
D.Middleton,DB
D.Miles,LB
D.Miller,OL
D.Milliner,DB
D.Mills,QB
D.Milne,WR
D.Mims,WR
D.Mitchell,WR
D.Moa,DL
D.Moala,DL
D.Molk,OL
D.Moncrief,WR
D.Monroe,DB
D.Montgomery,RB
D.Mooney,WR
D.Moore,WR
D.Morgan,TE
D.Morris,DB
D.Moses,LB
D.Mostert,RB
D.Mount,LB
D.Muhlbach,LS
D.Munyer,OL
D.Murray,RB
D.Neal,DB
D.Nelson,DB
D.Newsom,LB
D.Newsome,WR
D.Newton,OL
D.Nichols,DB
D.Nicolas,LB
D.Nixon,DL
D.Njoku,TE
D.Nnadi,DL
D.Noel,OL
D.Nowak,OL
D.O'Daniel,LB
D.Odeyingbo,DL
D.Ogunbowale,RB
D.Ojabo,LB
D.Olatoye,DB
D.Olson,LB
D.Olumba,DB
D.Onyemata,DL
D.Orlovsky,QB
D.Osborne,DL
D.Ozigbo,RB
D.Parham,TE
D.Parker,WR
D.Parks,WR
D.Parms,DB
D.Parry,DL
D.Patmon,WR
D.Patterson,WR
D.Paulo,OL
D.Payne,DL
D.Peko,DL
D.Penn,OL
D.Peoples-Jones,WR
D.Perine,DL
D.Perkins,DL
D.Perryman,LB
D.Peterson,WR
D.Pettinato,DL
D.Pettis,WR
D.Pettway,DL
D.Phillips,DB
D.Philon,DL
D.Pierce,RB
D.Pierson-El,WR
D.Pinter,OL
D.Pitta,TE
D.Poe,DL
D.Posey,WR
D.Powe,WR
D.Pratt,LB
D.Price,RB
D.Prince,OL
D.Pumphrey,RB
D.Puni,OL
D.Queiroz,DL
D.Quessenberry,OL
D.Quinn,WR
D.Radunz,OL
D.Randall,DB
D.Ratley,WR
D.Raymond,TE
D.Reader,DL
D.Reaves,RB
D.Redding,RB
D.Reed,DB
D.Reese,LB
D.Reeves,TE
D.Renfro,DB
D.Revis,DB
D.Reynolds,OL
D.Rhaney,OL
D.Rice,DB
D.Richardson,RB
D.Ridder,QB
D.Riley,LB
D.Risner,OL
D.Rivers,DL
D.Roberson,LB
D.Roberts,DB
D.Robertson,NA
D.Robinson,WR
D.Rodgers-Cromartie,DB
D.Rogers,WR
D.Ross,DB
D.Ruffin,DB
D.Russell,DL
D.Rutledge,DB
D.Ryans,LB
D.Samia,OL
D.Sample,TE
D.Sanders,DB
D.Sankey,LB
D.Savage,DB
D.Sawyer,DL
D.Schoen,WR
D.Schultz,TE
D.Schweiger,OL
D.Scott,DL
D.Searcy,DB
D.Senat,DL
D.Sharpe,OL
D.Shead,DB
D.Sheehy-Guiseppi,WR
D.Shelby,DL
D.Shelton,DL
D.Shepherd,WR
D.Shepley,OL
D.Shorts,WR
D.Sigler,DL
D.Sills,WR
D.Simmons,DL
D.Simon,DL
D.Sims,TE
D.Singletary,RB
D.Sizer,DL
D.Skinner,LB
D.Skipper,OL
D.Skrine,DB
D.Skuta,LB
D.Slay,DB
D.Slayton,WR
D.Smelter,WR
D.Smith,OL
D.Smoot,DL
D.Smythe,TE
D.Soehner,TE
D.Sorensen,DB
D.Southward,DB
D.Spencer,WR
D.Sproles,RB
D.Square,DL
D.Stafford,DB
D.Stanley,OL
D.Stanton,QB
D.Stapleton,TE
D.Steinmetz,OL
D.Stephenson,OL
D.Stewart,DB
D.Still,DL
D.Stills,DL
D.Stiner,DB
D.Stingley,DB
D.Stoner,WR
D.Strange,OL
D.Street,WR
D.Strickland,RB
D.Stringfellow,WR
D.Stuckey,DB
D.Sturm,QB
D.Swann,DB
D.Swanson,DB
D.Swearinger,DB
D.Swift,RB
D.Talley,LB
D.Tangelo,DL
D.Tapp,DL
D.Taylor,DL
D.Thomas,DB
D.Thompkins,WR
D.Thompson,DB
D.Tialavea,OL
D.Tomlinson,DL
D.Tovell,LB
D.Tranquill,LB
D.Travis,DB
D.Trevathan,LB
D.Trufant,DB
D.Tuggle,RB
D.Tull,LB
D.Turner,RB
D.Turner-Yell,DB
D.Tuszka,LB
D.Tyson,DL
D.Vaeao,DL
D.Van Dyke,DB
D.Vaughan,QB
D.Vaughn,DB
D.Vereen,DB
D.Victor,RB
D.Virgin,DB
D.Vitale,RB
D.Wade,DB
D.Wake,DL
D.Walker,DL
D.Wallace,DB
D.Waller,TE
D.Walls,DB
D.Ward,DB
D.Ware,LB
D.Washington,RB
D.Watford,WR
D.Watson,QB
D.Watt,RB
D.Webb,QB
D.Weems,OL
D.Wells,TE
D.Wesley,OL
D.West,OL
D.Westbrook,WR
D.Whelan,P
D.White,DB
D.Whitner,DB
D.Williams,RB
D.Willies,WR
D.Willis,WR
D.Wilson,LB
D.Wise,DL
D.Wolfe,DL
D.Wonnum,DL
D.Woodard,OL
D.Woodhead,RB
D.Worley,DB
D.Wright,WR
D.Wyatt,DL
D.Wynn,DL
D.Yancey,WR
D.Yankey,OL
D.Yelder,TE
D.Young,RB
E.Ankou,DL
E.Ansah,DL
E.Apple,DB
E.Austell,OL
E.Banks,DL
E.Bassey,DB
E.Battle,DB
E.Baylis,TE
E.Beal,LB
E.Benjamin,RB
E.Benton,DB
E.Berry,DB
E.Bibbs,TE
E.Bigger,LB
E.Biggers,DB
E.Boehm,OL
E.Bouka,DB
E.Brooks,LB
E.Brown,OL
E.Burrell,DB
E.Butler,WR
E.Byrd,TE
E.Campbell,DB
E.Cleary,OL
E.Cleveland,OL
E.Cooper,OL
E.Cotton,DL
E.Coughman,NA
E.Crume,DL
E.Decker,WR
E.Dickson,TE
E.Dumervil,DL
E.Dungey,QB
E.Eagan,WR
E.Ebron,TE
E.Edwards,WR
E.Ejiya,LB
E.Ellerbee,LB
E.Elliott,RB
E.Engram,TE
E.Ezukanma,WR
E.Ferguson,DL
E.Fernea,WR
E.Fisher,OL
E.Flowers,OL
E.Fry,K
E.Gaines,DB
E.Garcia,DL
E.Goldman,DL
E.Greenidge,OL
E.Griffen,DL
E.Hall,WR
E.Hamilton,DB
E.Harold,DL
E.Harris,DB
E.Heim,OL
E.Henderson,LB
E.Herman,OL
E.Hicks,DB
E.Hilton,WR
E.Holyfield,RB
E.Hood,DL
E.Ingram,OL
E.Jackson,DB
E.Jenkins,OL
E.Johnson,DL
E.Jones,LB
E.Kendricks,LB
E.Krommenhoek,TE
E.Ksiezarczyk,OL
E.Kush,OL
E.Lacy,RB
E.Ladson,OL
E.Lamur,LB
E.Lawson,LB
E.Lechler,P
E.Lee,LB
E.Light,OL
E.Magnuson,OL
E.Manning,QB
E.Manuel,QB
E.Marks,WR
E.Massington,WR
E.Mathis,OL
E.McCoy,OL
E.McGuire,RB
E.McPherson,K
E.Mencer,DL
E.Mitchell,DL
E.Molden,DB
E.Moore,WR
E.Moseley,DB
E.Murray,DB
E.Neal,OL
E.Ngata,DL
E.Nkansah,OL
E.Norris,LB
E.Nzeocha,LB
E.Obada,DL
E.Ogbah,DL
E.Okine,DL
E.Oliver,DL
E.Otomewo,DL
E.Panfil,DL
E.Patterson,DB
E.Penny,RB
E.Perrizo,DL
E.Perry,QB
E.Philips,WR
E.Pineiro,K
E.Pinkins,LB
E.Pleasant,DB
E.Pocic,OL
E.Ponder,LB
E.Price,LB
E.Qualls,DL
E.Reid,DB
E.Reynolds,DB
E.Richardson,TE
E.Riley,DB
E.Roberts,LB
E.Robinson,LB
E.Rogers,WR
E.Rowe,DB
E.Rugamba,DB
E.Sanders,WR
E.Saubert,TE
E.Schwan,DL
E.Shumate,DB
E.Sims,DL
E.Smith,OL
E.Speed,LB
E.Spencer,WR
E.St. Brown,WR
E.Stick,QB
E.Stinson,DL
E.Stokes,DB
E.Striker,LB
E.Sullivan,LB
E.Swoope,TE
E.Thomas,DB
E.Thompson,LB
E.Tomlinson,TE
E.Turner,LB
E.Uwazurike,DL
E.Vanderdoes,DL
E.Veldheer,OL
E.Walden,LB
E.Wallace,TE
E.Watford,OL
E.Weaver,LB
E.Weddle,DB
E.Weems,WR
E.Wellman,RB
E.Westbrooks,DL
E.Wilkinson,OL
E.Williams,WR
E.Wilson,LB
E.Winston,WR
E.Wolf,TE
E.Wolff,DB
E.Wood,OL
E.Wren,OL
E.Yarbrough,DL
E.Zeise,LB
F.Akinmoladun,DL
F.Alexander,DL
F.Allen,WR
F.Awolaja,OL
F.Beltre,LB
F.Bernard,LB
F.Bishop,LB
F.Brown,WR
F.Callahan,QB
F.Clark,DL
F.Cooper,OL
F.Cox,DL
F.Darby,WR
F.Davis,WR
F.Edmunds,RB
F.Fatukasi,DL
F.Franks,QB
F.Gardner,LB
F.Ginda,LB
F.Gore,RB
F.Green,TE
F.Hammond,WR
F.Herron,DL
F.Hicks,DB
F.Huguenin,LB
F.Jackson,RB
F.Johnson,OL
F.Jones,DL
F.Kallon,DL
F.Kearse,DL
F.Lamp,OL
F.Lauina,OL
F.Luvu,LB
F.Martino,WR
F.McCain,DB
F.Merrill,DL
F.Moreau,DB
F.Okafor,WR
F.Oluokun,LB
F.Orimolade,LB
F.Owusu,WR
F.Ragnow,OL
F.Raven,DB
F.Rhyne,LB
F.Richardson,WR
F.Ross,WR
F.Rucker,DL
F.Sarell,OL
F.Smithson,DB
F.Stevenson,RB
F.Swain,WR
F.Tagaloa,OL
F.Toussaint,RB
F.Velasco,OL
F.Warner,LB
F.Weatherspoon,LB
F.Whittaker,RB
F.Williams,DB
F.Zombo,LB
G.Allison,WR
G.Arnold,DB
G.Asafo-Adjei,OL
G.Aston,RB
G.Atkins,DL
G.Atkinson,RB
G.Avery,LB
G.Barnidge,TE
G.Bell,RB
G.Bernard,RB
G.Bolles,OL
G.Bradbury,OL
G.Brightwell,RB
G.Brkic,K
G.Brumfield,OL
G.Calcaterra,TE
G.Campbell,WR
G.Celek,TE
G.Cherilus,OL
G.Christian,OL
G.Conley,DB
G.Davis,WR
G.Delpit,DB
G.Dickerson,TE
G.Dieter,WR
G.Dixon,DL
G.Doaks,RB
G.Dooley,LB
G.Dorsey,DL
G.Dortch,WR
G.Ducre,DB
G.Dulcich,TE
G.Edwards,RB
G.Eiland,OL
G.Escobar,TE
G.Everett,TE
G.Fant,OL
G.Farmer,RB
G.Fotu,DL
G.Gaines,DL
G.Gano,K
G.Gerhart,OL
G.Gilbert,QB
G.Gilkey,OL
G.Gilliam,OL
G.Gilmore,DL
G.Glasgow,OL
G.Gradkowski,OL
G.Graham,TE
G.Gray,OL
G.Grayson,QB
G.Green,DL
G.Griffin,TE
G.Grissom,DL
G.Gronkowski,RB
G.Groshek,RB
G.Gunter,TE
G.Haley,DB
G.Hardy,DL
G.Hermanns,OL
G.Heslop,DB
G.Hodges,LB
G.Holmes,TE
G.Hopper,WR
G.Howell,RB
G.Hudson,TE
G.Hughes,TE
G.Ifedi,OL
G.Igwebuike,DB
G.Ikard,OL
G.Iloka,DB
G.Jackson,OL
G.Jarrett,DL
G.Jennings,WR
G.Johnson,DL
G.Joseph,K
G.Junior,DB
G.Karlaftis,DL
G.Kittle,TE
G.Little,OL
G.Logan,DL
G.Long,OL
G.Mabin,DB
G.Mancz,OL
G.Marks,WR
G.Martin,LB
G.Martini,LB
G.Mass,DL
G.Mayweather,OL
G.McCoy,DL
G.McGhin,OL
G.Milhouse,DL
G.Minshew,QB
G.Moore,OL
G.Morgan,LB
G.Nabers,RB
G.Newberry,DL
G.Newsome,DB
G.Obinna,DL
G.Odum,DB
G.Olsen,TE
G.Olszewski,WR
G.Pascascio,WR
G.Pickens,WR
G.Pratt,LB
G.President,LB
G.Price,OL
G.Prince,TE
G.Pyke,OL
G.Quin,DB
G.Reynolds,OL
G.Ricci,TE
G.Rivers,LB
G.Roberts,DL
G.Robinson,OL
G.Rousseau,DL
G.Salas,WR
G.Sanborn,LS
G.Schwartz,OL
G.Scruggs,TE
G.Selvie,DL
G.Senat,OL
G.Sickels,LB
G.Sinclair,TE
G.Smith,DL
G.Stewart,DL
G.Stone,DB
G.Stroman,DB
G.Stuard,LB
G.Swaim,TE
G.Swanson,P
G.Tate,WR
G.Tavecchio,K
G.Toler,DB
G.Townsend,DL
G.Van Roten,OL
G.Vogel,OL
G.Wallow,LB
G.Ward,WR
G.Warren,LS
G.Watson,LB
G.Whalen,WR
G.Williams,OL
G.Willis,DL
G.Wilson,WR
G.Winn,RB
G.Winston,RB
G.Wright,DL
G.Zuerlein,K
G.de Beer,OL
H.Abdullah,DB
H.Adeniji,OL
H.Allieu,DL
H.Anderson,DL
H.Bates,LB
H.Binford,WR
H.Black,DB
H.Bradley,LS
H.Bryant,TE
H.Butker,K
H.Butler,TE
H.Cheevers,DB
H.Clinton-Dix,DB
H.Crider,OL
H.Dimick,DL
H.Douglas,WR
H.Ekpe,DL
H.Froholdt,OL
H.Garrett,DL
H.Grasu,OL
H.Haskins,RB
H.Henry,TE
H.Hentges,TE
H.Hill,DB
H.Howerton,OL
H.Hurst,TE
H.Jones,DL
H.Jones-Quartey,DB
H.Kampmoyer,TE
H.Kikaha,LB
H.Krieger Coble,TE
H.Krieger-Coble,TE
H.Landry,LB
H.Langi,LB
H.Long,TE
H.Mata'afa,DL
H.Matungulu,DL
H.Melifonwu,DB
H.Miller,DB
H.Mondeaux,DL
H.Muamba,LB
H.Nasirildeen,LB
H.Ndubuisi,OL
H.Ngata,DL
H.Nickerson,LB
H.Phillips,DL
H.Poggi,RB
H.Pullard,LB
H.Pututau,DL
H.Rashed,DL
H.Reddick,LB
H.Renfrow,WR
H.Richardson,DB
H.Ridgeway,DL
H.Ruggs,WR
H.Sharp,WR
H.Smith,DB
H.Thedford,OL
H.Thornton,OL
H.Toliver,DB
H.Vaitai,OL
H.Valles,TE
H.Walker,TE
H.Waters,DB
H.Watts,OL
H.Wilson,DB
I.Abdul-Quddus,DB
I.Alarcon,OL
I.Antwine,DL
I.Asiata,OL
I.Battle,OL
I.Berryman,P
I.Blakeney,WR
I.Boettger,OL
I.Book,QB
I.Brown,DB
I.Buggs,DL
I.Bunting,TE
I.Burse,WR
I.Cage,OL
I.Campbell,DB
I.Charles,WR
I.Coulter,WR
I.Crowell,RB
I.Dunn,DB
I.Ekpre-Olomu,DB
I.Ekwonu,OL
I.Enemkpali,DL
I.Faciane,OL
I.Ford,WR
I.Frey,DB
I.Fruechte,WR
I.Gaines,DB
I.Gallon,DB
I.Graham-Mobley,LB
I.Hodgins,WR
I.Hyman,WR
I.Iosia,DL
I.Irving,LB
I.Jegede,DL
I.Johnson,DB
I.Jones,WR
I.Kaufusi,LB
I.Langley,DB
I.Likely,TE
I.Loudermilk,DL
I.Lunsford,DL
I.Mack,DL
I.Marshall,DB
I.Mathers,RB
I.McKenzie,WR
I.McKoy,WR
I.McLennan,LB
I.Melifonwu,DB
I.Momah,TE
I.Mukuamu,DB
I.Nauta,TE
I.Odenigbo,DL
I.Opeta,OL
I.Pacheco,RB
I.Park,OL
I.Pead,RB
I.Pola-Mao,DB
I.Prince,OL
I.Pryor,DB
I.Rochell,DL
I.Rodgers,DB
I.Savage-Lewis,DL
I.Searight,DL
I.Seau,DL
I.Seumalo,OL
I.Silberman,OL
I.Simmons,LB
I.Smith,TE
I.Smith-Marsette,WR
I.Spiller,RB
I.Taylor-Stuart,DB
I.Thomas,TE
I.Turner,DL
I.Weaver,OL
I.Wells,DB
I.Weston,WR
I.Wharton,DB
I.Whitney,WR
I.Williams,OL
I.Wilson,OL
I.Wright,WR
I.Wynn,OL
I.Yiadom,DB
I.Zamora,WR
I.Zico,WR
I.Zuber,WR
J.Abbrederis,WR
J.Abram,DB
J.Acklin,WR
J.Adams,DB
J.Addae,DB
J.Adjei-Barimah,DB
J.Agasiva,OL
J.Agnew,DB
J.Ajayi,RB
J.Akins,TE
J.Alexander,DB
J.Alexandre,DL
J.Alfieri,LB
J.Ali,WR
J.Allen,OL
J.Alsadek,OL
J.Alston,DB
J.Amaro,TE
J.Amosa,RB
J.Anderson,LB
J.Andrews,OL
J.Aniebonam,LB
J.Arcega-Whiteside,WR
J.Armour-Davis,DB
J.Askew,DB
J.Atkins,DL
J.Attaochu,LB
J.Aubrey,DB
J.Augusta,DL
J.Avant,WR
J.Avery,DL
J.Babicz,TE
J.Babin,DL
J.Babineaux,DL
J.Bacci,RB
J.Bachie,LB
J.Bademosi,DB
J.Badet,WR
J.Bailey,P
J.Baker,LB
J.Baldwin,DB
J.Ball,OL
J.Banks,DB
J.Banyard,RB
J.Bargas,RB
J.Barksdale,OL
J.Barrett,QB
J.Barton,OL
J.Bartu,LB
J.Bates,DB
J.Battle,DB
J.Bean,DL
J.Beathard,NA
J.Bell,RB
J.Bellamy,WR
J.Bentley,LB
J.Benzinger,OL
J.Berger,OL
J.Bernhardt,WR
J.Bernstein,OL
J.Berry,P
J.Bethel,DB
J.Billingsley,WR
J.Bitonio,OL
J.Black,DL
J.Blackmon,WR
J.Blackwell,DB
J.Bledsoe,DB
J.Blount,DB
J.Bobenmoyer,LS
J.Bonner,DL
J.Borregales,K
J.Bosa,DL
J.Bostic,LB
J.Boston,DB
J.Bouagnon,RB
J.Boyce,WR
J.Boyd,DL
J.Boykin,WR
J.Boykins,DB
J.Bradberry,DB
J.Bradley,WR
J.Brailford,LB
J.Brannon,DB
J.Bray,WR
J.Breeland,TE
J.Brendel,OL
J.Brinkley,LB
J.Brisker,DB
J.Brissett,QB
J.Britt,OL
J.Bromley,DL
J.Bronson,DL
J.Brooks,LB
J.Brown,WR
J.Browning,QB
J.Broxton,OL
J.Bryant,DL
J.Bullard,DL
J.Burgess,LB
J.Burris,DB
J.Burrow,QB
J.Burt,TE
J.Burton,OL
J.Bush,DB
J.Bushell-Beatty,OL
J.Bushrod,OL
J.Butler,RB
J.Butt,TE
J.Bynes,LB
J.Byrd,DB
J.Cabinda,LB
J.Caldwell,RB
J.Callahan,QB
J.Calvin,LB
J.Camarda,P
J.Cameron,TE
J.Camp,WR
J.Campos,OL
J.Capra,OL
J.Cardona,LS
J.Carlock,DB
J.Carman,OL
J.Carpenter,OL
J.Carraway,LB
J.Carrell,DL
J.Carter,LB
J.Casey,DL
J.Cash,LB
J.Casillas,LB
J.Celestin,LB
J.Ceresna,DL
J.Charles,RB
J.Charlton,P
J.Chase,WR
J.Cheek,OL
J.Chesson,WR
J.Chestnut,RB
J.Chinn,DB
J.Chunn,RB
J.Cichy,LB
J.Clark,DB
J.Clausen,QB
J.Clements,DL
J.Clowney,DL
J.Coan,QB
J.Coatney,DL
J.Cochrane,LB
J.Coco,LS
J.Coker,QB
J.Coleman,DB
J.Collins,LB
J.Cominsky,DL
J.Condo,LS
J.Conklin,OL
J.Conner,RB
J.Cook,TE
J.Cooper,OL
J.Corbin,RB
J.Corcoran,DL
J.Cornell,DL
J.Cotchery,WR
J.Cotton,WR
J.Cowser,DL
J.Cox,LB
J.Crawford,DL
J.Crick,DL
J.Crockett,RB
J.Croom,TE
J.Crowder,WR
J.Cudjo,DL
J.Cumberland,TE
J.Cunningham,TE
J.Curhan,OL
J.Currie,DB
J.Custis,WR
J.Cutler,QB
J.Cyprien,DB
J.Dahl,OL
J.Daka,DL
J.Dalton,DL
J.Dangerfield,DB
J.Daniels,OL
J.Darden,WR
J.Davenport,OL
J.Davis,LB
J.DePalma,LS
J.Dean,DB
J.Deguara,TE
J.Delance,OL
J.Demby,OL
J.Denney,LS
J.Develin,RB
J.Devey,OL
J.DiManche,LB
J.Diarse,WR
J.Dielman,OL
J.Dietzen,OL
J.Dineen,LB
J.Dinson,DB
J.Dixon,WR
J.Dobbins,RB
J.Doctson,WR
J.Dolegala,QB
J.Domann,LB
J.Dorenbos,LS
J.Dotson,WR
J.Douglas,OL
J.Dowling,DB
J.Doyle,TE
J.Dray,TE
J.Drayden,DB
J.Drescher,LS
J.Driscoll,OL
J.Driskel,QB
J.Dublanko,LB
J.Duhart,WR
J.Dunker,OL
J.Dunlop,OL
J.Durant,LB
J.Dwight,DL
J.Ealy,RB
J.Eason,QB
J.Edelman,WR
J.Edwards,DL
J.Eldrenkamp,OL
J.Elliott,DB
J.Ellis,DL
J.Eluemunor,OL
J.Empey,OL
J.Este,DB
J.Evans,DB
J.Ezeudu,OL
J.Ezzard,WR
J.Fairbairn,K
J.Fatu,DL
J.Faulk,DL
J.Fehr,LB
J.Feliciano,OL
J.Felton,RB
J.Ferentz,OL
J.Ferguson,RB
J.Fernandez,LB
J.Fields,QB
J.Fisher,OL
J.FitzPatrick,TE
J.Flacco,QB
J.Fleming,DB
J.Flores,OL
J.Flynn,OL
J.Folston,LB
J.Ford,DB
J.Forrest,LB
J.Forsett,RB
J.Fortson,TE
J.Fortunato,LS
J.Foster,OL
J.Fowler,RB
J.Fox,P
J.Francis,DB
J.Franklin,DB
J.Franklin-Myers,DL
J.Franks,TE
J.Frazier,DL
J.Freeman,LB
J.Freeny,LB
J.Fuller,DB
J.Fullington,OL
J.Funk,RB
J.Galette,LB
J.Gangwish,DL
J.Ganus,LB
J.Garcia-Williams,DL
J.Gardner,RB
J.Garibay,K
J.Garnett,OL
J.Garoppolo,QB
J.Garvin,LB
J.Gay,K
J.Gaziano,DL
J.Gemmel,LB
J.George,LB
J.Gervase,DB
J.Gibbens,LB
J.Gilbert,DB
J.Giles-Harris,LB
J.Gillan,P
J.Gladney,DB
J.Glasgow,LB
J.Glenn,DB
J.Goff,QB
J.Golden,DB
J.Goldwire,DL
J.Good-Jones,OL
J.Gooseberry,OL
J.Gordon,WR
J.Grace,LB
J.Graham,TE
J.Grant,WR
J.Gray,DB
J.Greco,OL
J.Green,WR
J.Greenard,DL
J.Greene,WR
J.Gresham,TE
J.Griffith,LB
J.Grimes,RB
J.Guarantano,QB
J.Guidry,DB
J.Gunter,DL
J.Guyton,WR
J.Haden,DB
J.Haeg,OL
J.Hagan,DB
J.Hagen,DB
J.Halapio,OL
J.Hale,OL
J.Hall,DB
J.Hamilton,DL
J.Hamm,TE
J.Hammond,WR
J.Hankins,DL
J.Hanna,TE
J.Hansen,LB
J.Hansley,WR
J.Hanson,OL
J.Hardee,DB
J.Hardy,WR
J.Hargrave,DL
J.Harmon,DB
J.Harper,DB
J.Harris,LS
J.Harrison,OL
J.Harvey,DB
J.Harvey-Clemons,LB
J.Hassell,DB
J.Hassenauer,OL
J.Hasty,RB
J.Hatcher,DL
J.Hausmann,TE
J.Hawkins,DB
J.Hawkinson,OL
J.Hawley,OL
J.Haydel,WR
J.Heaps,QB
J.Hearns,DL
J.Heath,DB
J.Heflin,DL
J.Heiligh,WR
J.Hekker,P
J.Hendy,DB
J.Heneghan,QB
J.Herbert,QB
J.Herman,LB
J.Herndon,WR
J.Herron,OL
J.Heuerman,TE
J.Hewitt,DL
J.Hicks,LB
J.Hightower,WR
J.Hilbers,OL
J.Hill,RB
J.Hilliard,LB
J.Hilliman,RB
J.Hocker,OL
J.Hokit,RB
J.Holland,DB
J.Hollins,LB
J.Hollister,TE
J.Holmes,DL
J.Holsey,DB
J.Holton,WR
J.Holtz,TE
J.Horn,DB
J.Horsted,TE
J.Horton,LB
J.Hosley,DB
J.Houston,LB
J.Howard,RB
J.Howland,TE
J.Howsare,RB
J.Hubbard,OL
J.Hudson,OL
J.Huesman,RB
J.Huff,WR
J.Hughes,DL
J.Hummel,LB
J.Hunt,OL
J.Hunter,WR
J.Huntley,RB
J.Hurd,WR
J.Hurst,OL
J.Hurts,QB
J.Ihedigbo,DB
J.Imatorbhebhe,WR
J.Ingram,DB
J.Iosefa,RB
J.Ivie,DL
J.Iyiegbuniwe,LB
J.Jackson,DB
J.Jacobs,RB
J.James,OL
J.Janis,WR
J.Jansen,LS
J.Jarrett,DB
J.Jefferson,WR
J.Jelks,DL
J.Jenkins,DL
J.Jerry,OL
J.Jeudy,WR
J.Jewell,LB
J.Jobe,DB
J.Johnson,DB
J.Jones,DB
J.Jones-Smith,OL
J.Joseph,DB
J.Judd,OL
J.Julien,P
J.Julius,DB
J.Jumper,LB
J.Kaindoh,DL
J.Kalili,DB
J.Kalu,DB
J.Kearse,DB
J.Keenoy,OL
J.Kelce,OL
J.Kelley,RB
J.Kelly,RB
J.Kerley,WR
J.Kerridge,RB
J.Keyes,LB
J.King,OL
J.Kinlaw,DL
J.Kirklin,WR
J.Kline,OL
J.Kling,OL
J.Knipfel,OL
J.Knox,LB
J.Kolone,OL
J.Kongbo,DL
J.Koski,WR
J.Krause,WR
J.Kuhn,RB
J.Kumerow,WR
J.Kunaszyk,LB
J.Lacina,OL
J.Lalk,OL
J.Lambo,K
J.Lampman,WR
J.Landes,LS
J.Landrews,DB
J.Landry,WR
J.Lane,DB
J.Langford,RB
J.Lanning,LB
J.Lasley,WR
J.Lattimore,LB
J.Laurinaitis,LB
J.Lawler,LB
J.Layne,DB
J.LeRibeus,OL
J.Leake,RB
J.Leamon,OL
J.Ledbetter,DL
J.Lee,WR
J.Leggett,TE
J.Leglue,OL
J.Lemonier,DL
J.Lenz,WR
J.Leslie,WR
J.Letuligasenoa,LB
J.Lewis,DB
J.Licata,QB
J.Liddell,DB
J.Liggins,WR
J.Lindsey,LB
J.Linkenbach,OL
J.Lloyd,WR
J.Locke,DB
J.Long,OL
J.Looney,OL
J.Lotulelei,LB
J.Love,DB
J.Lovett,QB
J.Lowery,OL
J.Luc,RB
J.Lucas,DB
J.Luketa,LB
J.Luton,QB
J.Lynch,DL
J.Lynn,LB
J.Machorro,OL
J.Mack,LB
J.Maclin,WR
J.Madubuike,DL
J.Magee,WR
J.Mailata,OL
J.Malone,WR
J.Manziel,QB
J.March,LB
J.March-Lillard,LB
J.Marcus,DL
J.Marshall,DL
J.Martin,LB
J.Mason,RB
J.Massaquoi,LB
J.Matias,OL
J.Matthews,OL
J.Mauga,LB
J.Mauro,DL
J.Maxey,DL
J.Mayden,DB
J.Mayfield,OL
J.Mays,LB
J.Mbu,DL
J.McClendon,OL
J.McCleskey,WR
J.McCourt,K
J.McCourty,DB
J.McCown,QB
J.McCray,OL
J.McGee,TE
J.McGloster,OL
J.McIntosh,DB
J.McKenzie,OL
J.McKinley,WR
J.McKinnon,RB
J.McKissic,RB
J.McLaughlin,OL
J.McMillian,DB
J.McNary,LB
J.McNichols,RB
J.McQuaide,LS
J.McVea,DB
J.Meder,DL
J.Meeks,DB
J.Meredith,OL
J.Metchie,WR
J.Metellus,DB
J.Metz,DL
J.Mewhort,OL
J.Meyers,WR
J.Mickens,WR
J.Miles,OL
J.Miller,OL
J.Mills,DB
J.Mincey,DL
J.Mincy,DB
J.Mitchell,TE
J.Mixon,RB
J.Moffatt,DB
J.Molchon,OL
J.Molson,K
J.Montelus,OL
J.Moon,DB
J.Moore,WR
J.Moreland,DB
J.Morgan,OL
J.Morris,LB
J.Morrissey,OL
J.Mosley,LB
J.Moxey,DB
J.Mudge,OL
J.Mundine,TE
J.Mundt,TE
J.Murphy,OL
J.Murray,OL
J.Myers,K
J.Myrick,DB
J.Nailor,WR
J.Natson,WR
J.Neill,LB
J.Nelson,WR
J.Newsome,RB
J.Niswander,P
J.Norman,DB
J.Norris,LB
J.Norwood,WR
J.Noteboom,OL
J.Nurse,DB
J.O'Hagan,OL
J.O'Shaughnessy,TE
J.Obioha,DL
J.Odrick,DL
J.Ohnesorge,OL
J.Okonye,DB
J.Okudah,DB
J.Okwara,LB
J.Olawale,RB
J.Oliver,TE
J.Onujiogu,DL
J.Onwualu,LB
J.Ossai,DL
J.Ostman,DL
J.Overbaugh,LS
J.Owens,DB
J.Owusu-Koramoah,LB
J.Ozougwu,DL
J.Pace,DB
J.Pagan,DL
J.Palmer,WR
J.Panasiuk,DL
J.Parnell,OL
J.Paschal,DL
J.Patrick,RB
J.Patterson,OL
J.Payton,WR
J.Pearson,WR
J.Peevy,DL
J.Penisini,DL
J.Peppers,DB
J.Perillo,TE
J.Perkins,TE
J.Perry,DB
J.Peters,OL
J.Pettigrew,TE
J.Pharms,DL
J.Phillips,DL
J.Pierre,DB
J.Pierre-Paul,DL
J.Pinkney,TE
J.Pinnock,DB
J.Pirsig,OL
J.Pitre,DB
J.Pittman,DL
J.Poe,OL
J.Polite,LB
J.Ponder,DB
J.Porter,DB
J.Pouncey,OL
J.Poutasi,OL
J.Powell,DB
J.Powers,DB
J.Poyer,DB
J.Pressley,RB
J.Price,DB
J.Proche,WR
J.Prosch,RB
J.Pruitt,DB
J.Pugh,OL
J.Pughsley,OL
J.Quick,WR
J.Quinn,OL
J.Raine,TE
J.Ramsey,DB
J.Rasco,LB
J.Reagor,WR
J.Reaves,DB
J.Reed,DL
J.Reese,TE
J.Reeves-Maybin,LB
J.Reid,DB
J.Reitz,OL
J.Reynolds,WR
J.Rhattigan,LB
J.Richard,RB
J.Richards,DB
J.Ridgeway,DL
J.Rigg,TE
J.Rigsbee,OL
J.Rivas,OL
J.Roberson,WR
J.Robinson,DB
J.Robinson-Woodgett,RB
J.Rodgers,OL
J.Rohrwasser,K
J.Rolland-Jones,DL
J.Rolle,DB
J.Romo,K
J.Roos,OL
J.Rosen,QB
J.Ross,WR
J.Rounds,RB
J.Ruckert,TE
J.Rudock,QB
J.Runyan,OL
J.Russell,LB
J.Ryan,LB
J.Saint Fleur,DL
J.Salyer,OL
J.Sample,DB
J.Samuels,RB
J.Sanborn,LB
J.Sanders,K
J.Sanford,DB
J.Scarlett,RB
J.Schmitt,LS
J.Schobert,LB
J.Schoettmer,LB
J.Schum,P
J.Scobee,K
J.Scott,P
J.Sculthorpe,OL
J.Seales,WR
J.Sefon,DB
J.Seltzner,OL
J.Senior,OL
J.Shaffer,OL
J.Shaw,DB
J.Sheard,DL
J.Shelton-Mosley,WR
J.Shepherd,DB
J.Sherwood,LB
J.Shipley,WR
J.Shirley,LB
J.Showers,DB
J.Sills,OL
J.Simmons,DB
J.Simon,DL
J.Simone,DB
J.Simonich,OL
J.Simpson,OL
J.Sirles,OL
J.Sitton,OL
J.Skalski,LB
J.Skule,OL
J.Slye,K
J.Smallwood,WR
J.Smart,WR
J.Smith,LB
J.Smith-Schuster,WR
J.Smith-Williams,DL
J.Snyder,OL
J.Sokol,OL
J.Sommers,TE
J.Sorenson,WR
J.Spriggs,OL
J.Sprinkle,TE
J.Stafford,QB
J.Staley,OL
J.Stanford,LB
J.Stangby,WR
J.Stanley,DB
J.Stanton,RB
J.Staples,LB
J.Starks,RB
J.Staten,DL
J.Stave,QB
J.Steckler,OL
J.Sternberger,TE
J.Sterns,DB
J.Stevens,LB
J.Stewart,RB
J.Stidham,QB
J.Stockton,RB
J.Stoll,TE
J.Stone,OL
J.Stout,P
J.Strnad,LB
J.Strong,WR
J.Strowbridge,DL
J.Sullivan,OL
J.Summers,DB
J.Swann,DL
J.Sweat,DL
J.Sweezy,OL
J.Sylvestre,LB
J.Ta'amu,QB
J.Tabor,DB
J.Tamme,TE
J.Tartt,DB
J.Tauaefa,LB
J.Tavai,LB
J.Taylor,DB
J.Theus,OL
J.Thieneman,DB
J.Thomas,LB
J.Thompson,DB
J.Thornhill,DB
J.Thornton,DB
J.Thuney,OL
J.Thurman,LB
J.Tillery,DL
J.Timu,LB
J.Tinker,LS
J.Tiuli,DL
J.Tocho,DB
J.Todman,RB
J.Tolbert,WR
J.Tolliver,WR
J.Tonges,TE
J.Toth,OL
J.Townsend,P
J.Trattou,DL
J.Tretter,OL
J.Trinnaman,WR
J.Tripp,LB
J.Troutman,OL
J.Trusnik,LB
J.Tryon,LB
J.Tucker,K
J.Tufele,DL
J.Tuggle,LB
J.Tuioti-Mariner,DL
J.Tupou,DL
J.Twyman,DL
J.Uche,LB
J.Ugokwe,OL
J.Urschel,OL
J.Ursua,WR
J.Valentine-Turner,DB
J.Valoaga,DL
J.Vander Laan,TE
J.Vaughters,LB
J.Veasy,WR
J.Veldheer,OL
J.Vellano,DL
J.Verity,K
J.Verrett,DB
J.Virgil,WR
J.Virgin,DB
J.Vogel,P
J.Vujnovich,OL
J.Waddle,WR
J.Walker,LB
J.Waller,DB
J.Walsh,OL
J.Walton,LB
J.Ward,DB
J.Ware,OL
J.Warmsley,DL
J.Warren,RB
J.Washington,WR
J.Watkins,DB
J.Watson,LB
J.Watt,DL
J.Way,WR
J.Weah,WR
J.Weaver,OL
J.Webb,QB
J.Weeks,LS
J.Weidenaar,OL
J.Wells,OL
J.West,WR
J.Westerkamp,WR
J.Wetzel,OL
J.Whigham,DB
J.White,RB
J.Whitehead,DB
J.Whittaker,DB
J.Wicker,DL
J.Wieneke,WR
J.Wiggins,DB
J.Wilcox,DB
J.Wilder,RB
J.Wilkerson,DL
J.Wilkins,RB
J.Williams,RB
J.Williams-Lambert,WR
J.Willis,DL
J.Wills,OL
J.Wilson,DB
J.Wiltz,DB
J.Wims,WR
J.Winchester,LS
J.Winfree,WR
J.Winston,QB
J.Wirtel,LS
J.Witherspoon,DB
J.Wolford,QB
J.Woodard,DL
J.Woodrum,QB
J.Woods,LB
J.Worthy,DL
J.Wright,WR
J.Wydermyer,TE
J.Wynn,DL
J.Yarbrough,OL
J.Young,LB
J.Zimmer,DL
J.Zumwalt,LB
J.Zuniga,DL
J.Zuttah,OL
K.Abdullah,RB
K.Abram,WR
K.Acker,DB
K.Adams,LB
K.Adeyemi,DL
K.Aiken,WR
K.Alexander,LB
K.Allen,WR
K.Alonso,LB
K.Amichia,OL
K.Anderson,DL
K.Are,OL
K.Armstrong,OL
K.Arrington,DB
K.Atkins,DL
K.Austin,WR
K.Awosika,OL
K.Backman,TE
K.Bahar,QB
K.Baker,WR
K.Ballage,RB
K.Barber,RB
K.Barner,RB
K.Barnes,LB
K.Barron,OL
K.Barton,OL
K.Baxter,DB
K.Beachum,OL
K.Beckwith,LB
K.Bell,WR
K.Benjamin,WR
K.Benkert,QB
K.Bibbs,RB
K.Biermann,LB
K.Bierria,LB
K.Blanton,TE
K.Blasingame,RB
K.Boone,WR
K.Bosch,OL
K.Bourne,WR
K.Bowen,OL
K.Boyd,DB
K.Brent,WR
K.Brice,DB
K.Britt,WR
K.Brooks,RB
K.Brothers,LB
K.Brown,DB
K.Browner,DL
K.Byard,DB
K.Calhoun,OL
K.Canaday,LS
K.Cannon,WR
K.Carey,RB
K.Carter,TE
K.Cartwright,TE
K.Chaisson,LB
K.Chancellor,DB
K.Clark,DL
K.Clay,WR
K.Clemens,QB
K.Cline,DL
K.Cole,WR
K.Coleman,DB
K.Colter,WR
K.Conner,LB
K.Cook,WR
K.Correa,LB
K.Cousins,QB
K.Coutee,WR
K.Crawford,WR
K.Crawley,DB
K.Crossen,DB
K.Cunningham,OL
K.Curl,DB
K.Daly,LS
K.Daniels,LB
K.Dansby,LB
K.Davidson,QB
K.Davis,DL
K.Demens,LB
K.Deng,LB
K.Diesch,OL
K.Dillon,DB
K.Dishon,DL
K.Dixon,RB
K.Dodd,LB
K.Donnerson,LB
K.Dorsey,DB
K.Doss,WR
K.Dotson,OL
K.Drake,RB
K.Drummond,DB
K.Dugger,DB
K.Duncan,WR
K.Dunlap,OL
K.Durden,DB
K.Ealy,DL
K.Edebali,LB
K.Edwards,OL
K.Ekanem,LB
K.Elam,DB
K.Ellis,DL
K.Elliss,LB
K.Emanuel,LB
K.Enagbare,LB
K.Ento,DB
K.Eulls,DL
K.Fackrell,LB
K.Fairbairn,K
K.Farmer,LB
K.Farrow,RB
K.Fitts,LB
K.Forbath,K
K.Ford,DL
K.Frazier,DB
K.Freeman,LB
K.Friend,OL
K.Fuller,DB
K.Fulton,DB
K.Futrell,DL
K.Gainwell,RB
K.Garrett,WR
K.Geiger,WR
K.George,DB
K.Gilchrist,LB
K.Givens,DL
K.Golladay,WR
K.Golston,DL
K.Gordon,DB
K.Graf,OL
K.Granson,TE
K.Green,OL
K.Greene,LB
K.Greenlaw,LB
K.Grugier-Hill,LB
K.Hall,DB
K.Hamilton,DB
K.Hamler,WR
K.Harmon,WR
K.Harris,RB
K.Hatcher,WR
K.Hayes,DB
K.Herbert,RB
K.Higdon,RB
K.Hill,RB
K.Hilliard,RB
K.Hinish,DL
K.Hinton,OL
K.Hodge,WR
K.Hogan,QB
K.Hollman,DB
K.Holmes,OL
K.Huber,P
K.Hudson,LB
K.Hunt,RB
K.Hunter,RB
K.Hyder,DL
K.Ingram,RB
K.Ishmael,DB
K.Ismael,OL
K.Jackson,DB
K.Jarvis,OL
K.Johnson,DB
K.Jonathan,DL
K.Jones,LB
K.Joseph,DB
K.Juszczyk,RB
K.Kalis,OL
K.Kareem,DL
K.Kassis,WR
K.Kearse-Thomas,LB
K.Keke,DL
K.Kelly,DB
K.Kelsey,LB
K.Kerbyson,OL
K.Kieft,TE
K.King,DB
K.Kirkwood,WR
K.Kirven,OL
K.Klug,DL
K.Kohou,DB
K.Kupp,LB
K.Ladler,DB
K.Lambert,DB
K.Lamm,OL
K.Langford,DL
K.Lassiter,WR
K.Lauletta,QB
K.Lawler,WR
K.Lee,TE
K.Lewis,DB
K.Lewis-Moore,DL
K.Lichtensteiger,OL
K.Lipscomb,WR
K.Listenbee,WR
K.Locksley,QB
K.Long,OL
K.Looney,DL
K.Love,DL
K.Lucas,WR
K.Lumpkin,OL
K.Mabon,WR
K.Mack,LB
K.Marks,RB
K.Markway,TE
K.Marshall,RB
K.Martin,LB
K.Mauga,LB
K.Maurice,DL
K.Maye,WR
K.McClain,WR
K.McCrary,RB
K.McCray,DB
K.McDermott,OL
K.McFadden,DB
K.McGary,OL
K.McGill,DB
K.McKenzie,OL
K.McKnight,WR
K.McMichael,DB
K.Mcgowan,WR
K.Meadows,OL
K.Merritt,WR
K.Miller,OL
K.Milton,OL
K.Minter,LB
K.Misi,LB
K.Monangai,RB
K.Mond,QB
K.Moore,DB
K.Mosley-Smith,DL
K.Muhammad,RB
K.Mumphery,WR
K.Murphy,OL
K.Murray,QB
K.Nacua,DB
K.Neal,DB
K.Nelson,LS
K.Nixon,DB
K.Norton,DL
K.Norwood,WR
K.Nwangwu,RB
K.O'Brien,OL
K.Oginni,TE
K.Olszewski,WR
K.Olugbode,LB
K.Opara,DL
K.Orr,DB
K.Osborn,WR
K.Osemele,OL
K.Pace,OL
K.Palacio,LB
K.Palmer,OL
K.Pamphile,OL
K.Paye,DL
K.Peko,DL
K.Perkins,OL
K.Peterson,DB
K.Philips,WR
K.Phillips,DL
K.Pickett,QB
K.Pierre-Louis,LB
K.Pimpleton,WR
K.Pitts,TE
K.Prater,WR
K.Pryor,WR
K.Quarles,DL
K.Queiro,LB
K.Rader,TE
K.Ramsey,DL
K.Raymond,WR
K.Reaser,DB
K.Redfern,P
K.Reed,DB
K.Render,OL
K.Reuland,TE
K.Reyes,DL
K.Reynolds,WR
K.Robertson,WR
K.Robinson,DB
K.Rodgers,DB
K.Ross,WR
K.Rudolph,TE
K.Russell,DB
K.Russey,OL
K.Sails,DB
K.Saunders,DL
K.Scarbrough,RB
K.Schult,DL
K.Seymour,DB
K.Shaa,WR
K.Shakir,WR
K.Sheffield,DB
K.Sheppard,LB
K.Short,DL
K.Shurmur,QB
K.Siverand,DB
K.Sloter,QB
K.Smith,DL
K.Snead,WR
K.Snyder,LB
K.Sokoli,DL
K.Steuck,OL
K.Stills,WR
K.Street,DL
K.Strong,DL
K.Sutherland,OL
K.Tandy,DB
K.Taylor,DB
K.Thibodeaux,LB
K.Thomas,DB
K.Thompkins,WR
K.Thompson,WR
K.Thornton,DL
K.Toliver,DB
K.Tolson,LB
K.Toney,WR
K.Tonga,DL
K.Toomer,LB
K.Towbridge,TE
K.Trask,QB
K.Turay,DL
K.Turpin,WR
K.Urbik,OL
K.Vaccaro,DB
K.Vakameilalo,DL
K.Van Noy,LB
K.Vasey,LS
K.Vaughn,RB
K.Vedvik,K
K.Vickers,DL
K.Vildor,DB
K.Vincent,DB
K.Walker,RB
K.Wallace,DB
K.Warring,TE
K.Washington,DB
K.Webster,DB
K.Welch,LB
K.Wenning,QB
K.Wheatfall,WR
K.White,WR
K.Whitfield,WR
K.Whyte,RB
K.Wiggins,OL
K.Wilber,LB
K.Wilkerson,WR
K.Wilkins,DL
K.Willekes,DL
K.Williams,DB
K.Willis,DB
K.Wilson,LB
K.Wright,LB
K.Wynn,DL
K.Yeboah,TE
K.Young,LB
K.Zeitler,OL
L.Akers,WR
L.Alexander,LB
L.Allen,OL
L.Asante,DB
L.Autry,DL
L.Ballentine,DB
L.Barcoo,DB
L.Barrow,LB
L.Baylis,TE
L.Bell,RB
L.Bellamy,RB
L.Blount,RB
L.Borom,OL
L.Bowanko,OL
L.Bowden,RB
L.Brown,RB
L.Bruss,OL
L.Brutus,DB
L.Burns,DB
L.Burton,TE
L.Byrd,WR
L.Cager,WR
L.Carroo,WR
L.Carson,RB
L.Carter,LB
L.Chenal,LB
L.Cine,DB
L.Clark,OL
L.Coleman,OL
L.Collier,DL
L.Collins,DB
L.Cooke,P
L.Cotton,OL
L.Crowley,OL
L.Cushenberry,OL
L.Daniels,RB
L.David,LB
L.Delmas,DB
L.Denis,DB
L.Dickerson,OL
L.Donnell,TE
L.Doss,DB
L.Douzable,DL
L.Dunbar,RB
L.Durham,LB
L.Durr,DB
L.Duvernay-Tardif,OL
L.Edwards,P
L.Eichenberg,OL
L.Falemaka,OL
L.Falk,QB
L.Farrell,TE
L.Fitzgerald,WR
L.Fleming,LB
L.Floyd,LB
L.Fort,LB
L.Fortner,OL
L.Fournette,RB
L.Gaillard,OL
L.Gibson,OL
L.Gifford,LB
L.Goedeke,OL
L.Graham,OL
L.Gravelle,LS
L.Green,TE
L.Guion,DL
L.Gunter,DB
L.Guy,DL
L.Hajrullahu,K
L.Hall,DB
L.Hamilton,LB
L.Hightower,DB
L.Hill,DB
L.Holmes,OL
L.Hooks,DL
L.Hope,DB
L.Houston,LB
L.Humphrey,WR
L.Hyeamang,DL
L.Jackson,QB
L.Jacobs,LB
L.Jeanpierre,OL
L.Jerome,DB
L.Joeckel,OL
L.Johnson,OL
L.Jones,DL
L.Jordan,WR
L.Joseph,DL
L.Joyner,DB
L.Juriga,OL
L.Kendricks,TE
L.Kidd,OL
L.Kirk,DB
L.Koloamatangi,OL
L.Krull,TE
L.Kuechly,LB
L.Ladouceur,LS
L.Lechler,OL
L.Lenoir,WR
L.Lewis,LB
L.London,DL
L.Louis,LB
L.Mack,DL
L.Mailata,OL
L.Marquardt,OL
L.Masterson,LB
L.Mauldin,LB
L.McCown,QB
L.McCoy,RB
L.McCray,DL
L.McCullough,LS
L.McCutcheon,WR
L.McFadden,DB
L.McKelvin,DB
L.McNeil,OL
L.McNitt,RB
L.McQuay,DB
L.Miller,RB
L.Murchison,DL
L.Murphy,WR
L.Murray,RB
L.Neal,DL
L.Niang,OL
L.Norwood,WR
L.O'Neal,DB
L.Okoye,DL
L.Onwuzurike,DL
L.Orr,DL
L.Palmer,DL
L.Patrick,OL
L.Paulsen,TE
L.Perez,QB
L.Perine,RB
L.Pinkard,WR
L.Pipkins,DB
L.Pitts,DB
L.Pouncey,OL
L.Ray,DL
L.Reynolds,LB
L.Rhodes,LS
L.Robertson,LB
L.Rose,RB
L.Rountree,RB
L.Ryan,DB
L.Scott,DB
L.Seastrunk,RB
L.Sendlein,OL
L.Shenault,WR
L.Simmons,OL
L.Sims,DB
L.Smith,OL
L.Sneed,DB
L.Stenberg,OL
L.Stephens,DB
L.Stocker,TE
L.Tago,DL
L.Taliaferro,RB
L.Taylor,OL
L.Tenuta,OL
L.Thomas,TE
L.Tillery,RB
L.Timmons,LB
L.Toilolo,TE
L.Tomlinson,OL
L.Trail,LB
L.Treadwell,WR
L.Trinca-Pasat,DL
L.Tunsil,OL
L.Turner,OL
L.Uhatafe,OL
L.Vander Esch,LB
L.Vasquez,OL
L.Vilain,LB
L.Wacha,LB
L.Waddle,OL
L.Wade,DB
L.Wallace,DB
L.Walton,DL
L.Warford,OL
L.Watson,OL
L.Wattenberg,OL
L.Webb,DB
L.Webster,DL
L.Wester,OL
L.Whitehead,WR
L.Wiley,DB
L.Williams,DL
L.Willson,TE
L.Wilson,LB
L.Winningham,WR
L.Woodley,LB
L.Woodside,QB
L.Young,DB
M.Abad,DB
M.Abdesmad,DL
M.Abernathy,DB
M.Adams,DL
M.Addison,DL
M.Agim,DL
M.Alexander,DB
M.Alford,WR
M.Alie-Cox,TE
M.Allen,LB
M.Ammendola,K
M.Andrews,TE
M.Applefield,OL
M.Araiza,P
M.Asiata,RB
M.Ateman,WR
M.Awe,LB
M.Badgley,K
M.Bailey,LB
M.Ball,DB
M.Bandy,WR
M.Barkley,QB
M.Barron,LB
M.Bart,DL
M.Basile,DB
M.Baugh,TE
M.Becton,OL
M.Bell,DB
M.Bennett,DL
M.Bercovici,QB
M.Bernadeau,OL
M.Bethel-Thompson,QB
M.Betts,LB
M.Blair,DB
M.Boehringer,TE
M.Boesen,DL
M.Boone,RB
M.Borghi,RB
M.Bosher,P
M.Bowie,OL
M.Boykin,WR
M.Bracy,WR
M.Branch,DB
M.Breida,RB
M.Brockers,DL
M.Brown,RB
M.Bryant,DB
M.Bullough,LB
M.Bunche,OL
M.Bundy,WR
M.Burkhead,RB
M.Burley,DB
M.Burnett,DB
M.Burton,RB
M.Bushman,TE
M.Butler,DB
M.Caliendo,OL
M.Callaway,WR
M.Campanaro,WR
M.Canady,DB
M.Cannon,OL
M.Carney,LB
M.Carter,RB
M.Cassel,QB
M.Catapano,LB
M.Chapman,WR
M.Character,DB
M.Cheridor,DL
M.Christian,DB
M.Claiborne,DB
M.Clark,WR
M.Clemons,DL
M.Colburn,RB
M.Cole,OL
M.Collins,DL
M.Colston,WR
M.Colubiale,TE
M.Cooper,DB
M.Copeland,DL
M.Coprich,RB
M.Corral,QB
M.Cox,LS
M.Crabtree,WR
M.Crockett,WR
M.Cromartie,DB
M.Crosby,K
M.Crum,TE
M.Cunningham,OL
M.Dabo,DB
M.Daniel,RB
M.Daniels,DL
M.Danna,DL
M.Dareus,DL
M.Darr,P
M.Davenport,DL
M.Davidson,DL
M.Davis,RB
M.Dayes,RB
M.Deane,TE
M.Deiter,OL
M.Dereus,WR
M.Devito,DL
M.Dew-Treadway,DL
M.Diaz,OL
M.Dickerson,DL
M.Dickson,P
M.Divinity,LB
M.Dixon,TE
M.Djeri,DL
M.Dogbe,DL
M.Dooley,LS
M.Dorleant,DB
M.Dorn,DB
M.Dunn,OL
M.Dupre,WR
M.Durant,RB
M.Dwumfour,DL
M.Easley,WR
M.Eaton,WR
M.Edmond,DB
M.Edwards,DL
M.Elam,DB
M.Emerson,DB
M.Epps,DB
M.Estes,TE
M.Evans,WR
M.Everette,DB
M.Farley,DB
M.Farniok,OL
M.Feiler,OL
M.Ffrench,WR
M.Fields,DB
M.Fitzpatrick,DB
M.Flanagan,TE
M.Fleming,WR
M.Flowers,LB
M.Floyd,WR
M.Flynn,QB
M.Ford,DB
M.Foreman,DB
M.Forristall,TE
M.Forte,RB
M.Foster,LB
M.Fox,DL
M.Fraboni,LS
M.Frazier,WR
M.Galambos,LB
M.Gallup,WR
M.Gant,DB
M.Garcia,OL
M.Garner,TE
M.Garrett,DL
M.Gaskin,RB
M.Gay,K
M.Gentry,OL
M.Gesicki,TE
M.Gilbert,OL
M.Gilchrist,DB
M.Gillislee,RB
M.Glennon,QB
M.Glowinski,OL
M.Godin,DL
M.Golden,LB
M.Gono,OL
M.Goodman,DL
M.Goodrich,DB
M.Goodwin,WR
M.Gordon,RB
M.Gotel,DL
M.Gray,TE
M.Green,WR
M.Greene,DL
M.Griffin,DB
M.Haack,P
M.Hall,WR
M.Hankins,DB
M.Hannemann,DB
M.Hardison,DL
M.Hardman,WR
M.Harley,WR
M.Harold,LB
M.Harper,DB
M.Harrell,OL
M.Harris,WR
M.Harrison,LB
M.Hartage,DB
M.Hartsfield,DB
M.Hayes,OL
M.Haynes,DL
M.Hazel,WR
M.Hennessy,OL
M.Henningsen,DL
M.Henry,OL
M.Herring,DL
M.Herzlich,LB
M.Hilton,DB
M.Hoecht,DL
M.Hollins,WR
M.Hooker,DB
M.Hoomanawanui,TE
M.Horton,OL
M.Huey,OL
M.Huff,DB
M.Hughes,DB
M.Hull,LB
M.Humphrey,DB
M.Hungalu,LB
M.Hunt,DL
M.Hunter,DB
M.Hurst,DL
M.Hyatt,OL
M.Hyde,DB
M.Ifedi,DL
M.Ingram,RB
M.Ioannidis,DL
M.Iupati,OL
M.Ivey,OL
M.Jack,LB
M.Jackson,DL
M.Jacobson,TE
M.Jacquet,DB
M.James,RB
M.Jefferson,LB
M.Jenkins,DB
M.Johnson,WR
M.Jones,WR
M.Jordan,DB
M.Joseph,DB
M.Judon,LB
M.Kalil,OL
M.Kaskey,OL
M.Kemp,WR
M.Kendricks,LB
M.Killebrew,DB
M.King,P
M.Kinsey,WR
M.Kirsch,OL
M.Kiser,LB
M.Koehn,K
M.Koloamatangi,OL
M.Koonce,DL
M.Kuhn,DL
M.LaCosse,TE
M.Lattimore,DB
M.Leach,LS
M.Leak,WR
M.Lee,LB
M.Leidner,QB
M.Lengel,TE
M.Leo,DL
M.Lewis,TE
M.Liedtke,OL
M.Loewen,DL
M.Longacre,LB
M.Love,DL
M.Lucas,TE
M.Lynch,RB
M.Mack,RB
M.Mariani,WR
M.Mariota,QB
M.Marshall,RB
M.Martin,OL
M.Mathews,WR
M.Matthews,OL
M.Mauti,LB
M.Maye,DB
M.McAdoo,DL
M.McCaffrey,WR
M.McCall,DL
M.McCants,OL
M.McCrane,K
M.McCrary-Ball,LB
M.McDowell,DL
M.McFadden,LB
M.McFarland,TE
M.McGlinchey,OL
M.McGloin,QB
M.McGlynn,OL
M.McKay,WR
M.McKethan,OL
M.McLaurin,LB
M.McQueen,OL
M.McWilson,DB
M.Meander,DB
M.Menet,OL
M.Meyer,K
M.Michel,WR
M.Milano,LB
M.Miller,TE
M.Mitchell,WR
M.Moore,QB
M.Morgan,LB
M.Morrison,DB
M.Morse,OL
M.Moses,OL
M.Mulligan,TE
M.Murdock,WR
M.Murphy,RB
M.Myers,DB
M.Needham,LB
M.Nelson,OL
M.Newhouse,OL
M.Nicholson,DB
M.Niese,OL
M.North,WR
M.Nugent,K
M.Nzeocha,LB
M.Oher,OL
M.Ojemudia,DB
M.Ola,OL
M.Oliver,DB
M.Onuoha,LB
M.Onwenu,OL
M.Oplinger,LB
M.Orzech,LS
M.Overton,LS
M.Paige,WR
M.Palardy,P
M.Panasiuk,DL
M.Paradis,OL
M.Parsons,LB
M.Peart,OL
M.Pennel,DL
M.Perry,RB
M.Person,OL
M.Peters,DB
M.Peterson,WR
M.Philyor,WR
M.Pierce,DL
M.Pierson,OL
M.Pircher,OL
M.Pittman,WR
M.Polk,WR
M.Porter,LB
M.Pouncey,OL
M.Prater,K
M.Pridgeon,OL
M.Pruitt,TE
M.Pryor,OL
M.Purcell,DL
M.Ramsay,DL
M.Rankin,OL
M.Reaves,DB
M.Rector,WR
M.Reece,RB
M.Reed,LB
M.Reilly,LB
M.Remmers,OL
M.Rice,LB
M.Rich,OL
M.Richardson,LB
M.Rios,DB
M.Rivera,TE
M.Roach,DL
M.Roberson,DB
M.Roberts,TE
M.Robinson,LB
M.Rodriguez,LB
M.Rose,DL
M.Ross,WR
M.Rotheram,OL
M.Rudolph,QB
M.Rush,LB
M.Ryan,QB
M.Sanchez,QB
M.Sanders,RB
M.Santos-Silva,TE
M.Sanu,WR
M.Sargent,RB
M.Sayles,DB
M.Scharping,OL
M.Schaub,QB
M.Schofield,OL
M.Schreck,TE
M.Schwartz,OL
M.Seisay,DB
M.Sexton,WR
M.Shakir,OL
M.Shaughnessy,DL
M.Sherels,DB
M.Simms,QB
M.Skura,OL
M.Slater,WR
M.Slauson,OL
M.Smalley,DB
M.Smith,LB
M.Sokol,TE
M.Spaight,LB
M.Spears,LB
M.Spelman,OL
M.Spencer,DL
M.St. Andrew,OL
M.Stafford,QB
M.Stephens,TE
M.Stevenson,WR
M.Stewart,DB
M.Stout,DL
M.Strachan,WR
M.Swain,DL
M.Sweat,DL
M.Tafua,DL
M.Tagovailoa-Amosa,DL
M.Tavarres,LB
M.Taylor,WR
M.Te'o,LB
M.Teague,RB
M.Tell,DB
M.Thomas,WR
M.Thompson,DB
M.Tobin,OL
M.Tolbert,RB
M.Trubisky,QB
M.Tucker,WR
M.Tuerk,OL
M.Tuipulotu,DL
M.Turner,WR
M.Tyson,DB
M.Unger,OL
M.Unrein,DL
M.Valdes-Scantling,WR
M.Valles,LB
M.Van Dyk,OL
M.Vick,QB
M.Vital,TE
M.Waletzko,OL
M.Walker,LB
M.Wallace,WR
M.Walton,RB
M.Warren,RB
M.Washington,WR
M.Watson,OL
M.Webb,DB
M.Weber,RB
M.Weiser,TE
M.Wells,LB
M.Wheaton,WR
M.White,QB
M.Wilcox,TE
M.Wile,P
M.Wilhoite,LB
M.Wilkerson,DL
M.Wilkins,DB
M.Williams,DB
M.Willis,QB
M.Willoughby,DL
M.Wilson,LB
M.Windt,LS
M.Wishnowsky,P
M.Wittek,QB
M.Woods,WR
M.Wright,K
M.Yanda,OL
M.Young,RB
N.Adams,DL
N.Adderley,DB
N.Agholor,WR
N.Allegretti,OL
N.Allen,DB
N.Ball,LB
N.Bawden,RB
N.Bazata,DL
N.Becker,TE
N.Becton,OL
N.Bellore,LB
N.Berhe,DB
N.Bohannon,TE
N.Bolton,LB
N.Bonitto,LB
N.Bosa,DL
N.Bowers,TE
N.Bowman,LB
N.Boyle,TE
N.Bradham,LB
N.Brooks,DB
N.Brossette,RB
N.Brown,WR
N.Callender,OL
N.Capi,DL
N.Carroll,DB
N.Chandler,OL
N.Chubb,RB
N.Clarke,DB
N.Coe,DL
N.Collins,WR
N.Cooney,P
N.Cottrell,RB
N.Cross,DB
N.Davis,OL
N.Dawkins,LB
N.DeLuca,LB
N.Dean,LB
N.Dzubnar,LB
N.Easley,WR
N.Easton,OL
N.Ebner,DB
N.Ebukam,DL
N.Elliss,DL
N.Eubanks,TE
N.Evans,LB
N.Fairley,DL
N.Falah,OL
N.Fant,TE
N.Farrell,DL
N.Fitzgerald,QB
N.Foles,QB
N.Folk,K
N.Ford,OL
N.Frese,LS
N.Gallimore,DL
N.Gates,OL
N.Gerry,LB
N.Gilliam,OL
N.Givan,TE
N.Goode,LB
N.Gray,TE
N.Greer,DB
N.Griffin-Stewart,TE
N.Grigsby,LB
N.Guggemos,TE
N.Hairston,DB
N.Hall,LB
N.Harris,LB
N.Harry,WR
N.Harvey,DL
N.Harwell,NA
N.Hayden,DL
N.Herbig,OL
N.Hewitt,LB
N.Hill,DB
N.Hines,RB
N.Hobbs,DB
N.Holley,DB
N.Hughes,LB
N.Iese,TE
N.Igbinoghene,DB
N.Irving,LB
N.Jacobs,TE
N.Jamerson,DB
N.Johnson,DB
N.Jones,DL
N.Kalinic,TE
N.Kasitati,OL
N.Keizer,TE
N.Kwiatkoski,LB
N.Lalos,DL
N.Landman,LB
N.Laufenberg,OL
N.Lawrence-Stample,DL
N.Lawson,DB
N.Leverett,OL
N.Mangold,OL
N.Marley,LB
N.Marshall,DB
N.Martin,OL
N.McCloud,DB
N.McCrary,RB
N.Meadors,DB
N.Moody,LB
N.Moore,LS
N.Morgan,LB
N.Morrow,LB
N.Mullens,QB
N.Murray,DB
N.Muse,TE
N.Muti,OL
N.Needham,DB
N.Nelson,DB
N.Niemann,LB
N.Novak,K
N.Nwachukwu,DL
N.O'Leary,TE
N.Orchard,DL
N.Orr,DB
N.Palmer,LB
N.Patrick,LB
N.Pau'u,WR
N.Paul,TE
N.Perry,LB
N.Peterman,QB
N.Petit-Frere,OL
N.Price,OL
N.Ralston,RB
N.Ritcher,OL
N.Robey,DB
N.Robey-Coleman,DB
N.Rose,K
N.Rourke,QB
N.Rouse,DB
N.Rowe,DB
N.Sciba,K
N.Scott,DL
N.Sewell,LB
N.Shepherd,DL
N.Shimonek,QB
N.Siragusa,OL
N.Solder,OL
N.Spence,DL
N.Spruce,WR
N.Stanley,QB
N.Sterling,TE
N.Stupar,LB
N.Sudfeld,QB
N.Suh,DL
N.Sundberg,LS
N.Theaker,OL
N.Thomas,WR
N.Thorpe,DB
N.Thurman,DL
N.Togiai,TE
N.Toon,WR
N.Toran,OL
N.Trewyn,OL
N.Tribune,DB
N.Truesdell,TE
N.Turner,DB
N.Usher,LB
N.Vannett,TE
N.Vigil,LB
N.Warrior,DB
N.Washington,WR
N.Webster,WR
N.Westbrook,WR
N.Westbrook-Ikhine,WR
N.Whitlock,RB
N.Wieland,LB
N.Wieting,TE
N.Williams,DL
N.Wozniak,OL
N.Wright,DB
N.Zakelj,OL
O.Aboushi,OL
O.Adeniyi,LB
O.Ajirotutu,WR
O.Alaka,LB
O.Anderson,LB
O.Bayless,WR
O.Beckham,WR
O.Branch,DL
O.Brown,OL
O.Bryant,DL
O.Burks,LB
O.Carney,LB
O.Charles,TE
O.Cobb,LB
O.Daniels,TE
O.Darkwa,RB
O.Davis,LB
O.Dugas,OL
O.Enunwa,WR
O.Eze,OL
O.Fabuluje,OL
O.Fatukasi,LB
O.Foster,DB
O.Franklin,OL
O.Griffin,DB
O.Gwacham,DL
O.Howard,TE
O.Johnson,WR
O.Melifonwu,DB
O.Mitchell,WR
O.Obasuyi,DL
O.Odighizuwa,DL
O.Ogbonnia,DL
O.Ogunbowale,RB
O.Ogunjobi,DL
O.Okoronkwo,LB
O.Omoile,OL
O.Oweh,LB
O.Peters,LB
O.Pierre,DL
O.Pipkins,DL
O.Rotimi,DL
O.Sagapolu,DL
O.Salako,OL
O.Scandrick,DB
O.Schofield,DL
O.Stewart,DB
O.Thomas,DB
O.Udoh,OL
O.Vernon,DL
O.Ximines,LB
O.Zaccheaus,WR
P.Adams,OL
P.Afriyie,DL
P.Amukamara,DB
P.Anau,DL
P.Baldwin,DB
P.Barber,RB
P.Boyette,DL
P.Brown,TE
P.Butler,TE
P.Campbell,WR
P.Carr,RB
P.Chung,DB
P.Collins,OL
P.Cooper,WR
P.Cothren,DL
P.Cox,DB
P.Davis,LB
P.Dawson,K
P.Desir,DB
P.Devlin,QB
P.DiMarco,RB
P.Dorsett,WR
P.Ehinger,OL
P.Elflein,OL
P.Emili,DL
P.Fanaika,OL
P.Ferguson,OL
P.Fisher,LB
P.Freiermuth,TE
P.Gaines,DB
P.Gamble,DL
P.Garcon,WR
P.Guerriero,RB
P.Gustin,DL
P.Hall,DL
P.Hart,WR
P.Harvin,P
P.Haynes,OL
P.Hendershot,TE
P.Hesse,TE
P.Hoskins,DL
P.Howard,WR
P.Hunt,DL
P.Iworah,DB
P.Johnson,DL
P.Jones,DL
P.Kalambayi,LB
P.Kerrigan,DL
P.Kruger,DL
P.Laird,RB
P.Lang,TE
P.Lasike,RB
P.Lawrence,OL
P.Lestage,OL
P.Lewis,OL
P.Lindsay,RB
P.Loadholt,OL
P.Locke,DB
P.Lynch,QB
P.Magloire,DB
P.Mahomes,QB
P.Martin-Oguike,DL
P.Mathis,DL
P.McAfee,P
P.McKever,TE
P.McPhee,LB
P.McRoberts,WR
P.Mekari,OL
P.Morris,OL
P.Mortell,P
P.Motley,DB
P.Murphy,OL
P.Murray,K
P.Nelson,DB
P.Nickerson,DB
P.O'Connor,DL
P.O'Donnell,P
P.Odom,TE
P.Omameh,OL
P.Onwuasor,LB
P.Perkins,RB
P.Peterson,DB
P.Posluszny,LB
P.Pujals,QB
P.Queen,LB
P.Quessenberry,TE
P.Ricard,RB
P.Richardson,WR
P.Riley,LB
P.Rivers,QB
P.Robertson,LB
P.Robinson,DB
P.Scales,LS
P.Sewell,OL
P.Sheldon,LB
P.Sims,DL
P.Slater,OL
P.Smith,LB
P.Soliai,DL
P.Strong,RB
P.Supernaw,TE
P.Surtain,DB
P.Tasini,DL
P.Taumoepenu,LB
P.Taylor,RB
P.Thomas,DB
P.Thompson,DB
P.Turner,WR
P.Vahe,OL
P.Vogel,P
P.Walker,QB
P.Wanogho,OL
P.Werner,LB
P.Wheeler,LB
P.White,WR
P.Williams,WR
P.Winfrey,DL
P.Worrilow,LB
P.Wright,LB
Q.Adeboyejo,WR
Q.Bailey,OL
Q.Bell,DL
Q.Blanding,DB
Q.Bohanna,DL
Q.Bray,WR
Q.Bundrage,WR
Q.Cephus,WR
Q.Cole,DB
Q.Davis,WR
Q.Demps,DB
Q.Dial,DL
Q.Diggs,DB
Q.Dunbar,DB
Q.Eatmon,OL
Q.Enunwa,WR
Q.Flowers,RB
Q.Gause,LB
Q.Gowan,DB
Q.Henderson,WR
Q.Hicks,RB
Q.Hightower,LB
Q.Jefferson,DL
Q.Jones,WR
Q.Knight,DB
Q.Lake,DB
Q.Mauger,DB
Q.Meeks,DB
Q.Meinerz,OL
Q.Morris,TE
Q.Mosely,DB
Q.Nealy,LB
Q.Nelson,OL
Q.Nordin,K
Q.Ollison,RB
Q.Patton,WR
Q.Poling,LB
Q.Redmon,DL
Q.Roche,LB
Q.Rollins,DB
Q.Sapp,LB
Q.Smith,DL
Q.Spain,OL
Q.Walker,LB
Q.Williams,DL
Q.Wilson,DB
R.Adams,WR
R.Aguayo,K
R.Ahmed,K
R.Alford,DB
R.Ali'ifua,DL
R.Allen,DB
R.Anderson,WR
R.Armstead,RB
R.Armstrong,LB
R.Ash,DL
R.Ayers,DL
R.Bailey,WR
R.Bateman,WR
R.Bates,OL
R.Becker,TE
R.Bee,DL
R.Begelton,WR
R.Bell,WR
R.Berry,LB
R.Blacklock,DL
R.Blackshear,RB
R.Blair,DL
R.Blankenship,K
R.Blanton,DB
R.Bodine,OL
R.Bonnafon,RB
R.Bortles,QB
R.Brooker,TE
R.Brooks,DB
R.Brown,LB
R.Bullock,K
R.Bullough,LB
R.Burbank,OL
R.Bush,DB
R.Bussey,WR
R.Butler,LB
R.Calais,RB
R.Carrethers,DL
R.Carter,LB
R.Causey,DB
R.Clady,OL
R.Clemons,DB
R.Cliett,LB
R.Cobb,WR
R.Cockrell,DB
R.Coe,DL
R.Connelly,LB
R.Cook,OL
R.Cooper,WR
R.Coward,OL
R.Cracraft,WR
R.Crawford,DB
R.Crecelius,OL
R.Crisp,OL
R.Crozier,OL
R.Daniel,DB
R.Darby,DB
R.Davis,WR
R.Davison,LB
R.Delaire,DL
R.DiSalvo,LS
R.Diggs,WR
R.Dixon,P
R.Dobbs,QB
R.Doubs,WR
R.Douglas,DB
R.Dowdle,RB
R.Dowling,DB
R.Dwelley,TE
R.Ellison,TE
R.Evans,LB
R.Fant,DB
R.Farris,DB
R.Fenton,DB
R.Ferguson,LS
R.Finley,QB
R.Fitzpatrick,QB
R.Fleming,DB
R.Ford,DB
R.Foster,WR
R.Fragel,OL
R.Freeman,RB
R.Gafford,WR
R.Gage,WR
R.Gary,LB
R.Gathers,TE
R.Gaulden,DB
R.Gilbert,LB
R.Gilliam,RB
R.Glasgow,DL
R.Godwin,WR
R.Goforth,DB
R.Golden,DB
R.Gordon,TE
R.Gould,K
R.Grant,WR
R.Green,DL
R.Greene,DB
R.Gregory,DL
R.Griffin,QB
R.Gronkowski,TE
R.Groy,OL
R.Gunter,DL
R.Hageman,DL
R.Hainsey,OL
R.Hall,WR
R.Hansbrough,RB
R.Harper,DB
R.Harris,OL
R.Harrison,DB
R.Hatley,DL
R.Havenstein,OL
R.Henry,WR
R.Hewitt,TE
R.Higgins,WR
R.Hill,OL
R.Hillman,RB
R.Holcomb,OL
R.Horn,WR
R.Hoskins,LB
R.Housler,TE
R.Howard,DL
R.Hudson,OL
R.Hughes,RB
R.Hughlett,LS
R.Humber,LB
R.Hunt,OL
R.Hunter,OL
R.Incognito,OL
R.Izzo,TE
R.Jackson,DB
R.James,WR
R.Jarvis,LB
R.Jean Francois,DL
R.Jefferson,DB
R.Jenkins,DB
R.Jennings,RB
R.Jensen,OL
R.Jette,DB
R.Jeune,WR
R.John,TE
R.Johnson,OL
R.Jones,RB
R.Joseph,OL
R.Kalil,OL
R.Kelley,RB
R.Kelly,OL
R.Kerrigan,LB
R.Langford,LB
R.Lawrence,DL
R.Lawry,RB
R.Layne,DB
R.LeCounte,DB
R.Leary,OL
R.Leff,OL
R.Leonard,OL
R.Leone,P
R.Levy,OL
R.Lewis,DB
R.Lockette,WR
R.Lopez,DL
R.Louis,WR
R.Lovato,LS
R.Lumpkin,DL
R.Mack,OL
R.Malleck,TE
R.Mallett,QB
R.Martin,DB
R.Mathews,RB
R.Mathis,LB
R.Matiscik,LS
R.Matthews,WR
R.Maualuga,LB
R.Mayfield,OL
R.Mbaeteka,OL
R.McCarron,QB
R.McClain,DB
R.McCloud,WR
R.McCollum,OL
R.McCoy,TE
R.McCray,DL
R.McCreary,DB
R.McDaniel,WR
R.McIntosh,DL
R.McKenzie,OL
R.McLeod,DB
R.McMath,WR
R.McMillan,LB
R.Melvin,DB
R.Miles,DB
R.Miller,DL
R.Milligan,DB
R.Moore,WR
R.Morris,RB
R.Mostert,RB
R.Mullaney,WR
R.Mundy,DB
R.Murphy,DB
R.Myers,OL
R.Nall,RB
R.Nassib,QB
R.Neal,DB
R.Nelson,DB
R.Neuzil,OL
R.Newman,OL
R.Nichols,DL
R.Ninkovich,LB
R.Nix,RB
R.Nix-Jones,RB
R.Nkemdiche,DL
R.Nunez-Roches,DL
R.O'Malley,TE
R.Odhiambo,OL
R.Okereke,LB
R.Okung,OL
R.Okwara,DL
R.Ortiz,RB
R.Parker,DB
R.Patrick,OL
R.Patterson,K
R.Penny,RB
R.Perkins,DL
R.Perry,DL
R.Person,RB
R.Philon,DL
R.Pierschbacher,OL
R.Pitoitua,DL
R.Pope,OL
R.Porter,DB
R.Powell,LB
R.Prescott,QB
R.Prince,OL
R.Pringle,DB
R.Pulley,DB
R.Quigley,P
R.Quinn,LB
R.Ragland,LB
R.Ramczyk,OL
R.Ramsey,LB
R.Randle,WR
R.Reid,DB
R.Reiff,OL
R.Reiter,LS
R.Reynolds,OL
R.Richards,DB
R.Rivers,RB
R.Roberson,WR
R.Roberts,OL
R.Robertson-Harris,DL
R.Robinson,DB
R.Rochell,DB
R.Rodgers,TE
R.Ross,WR
R.Russell,DL
R.Saffold,OL
R.Sanchez,P
R.Santoso,P
R.Schraeder,OL
R.Scott,WR
R.Seals-Jones,TE
R.Seymour,OL
R.Shaheed,WR
R.Shazier,LB
R.Shelton,WR
R.Shepard,WR
R.Sherman,DB
R.Shields,TE
R.Simonise,WR
R.Sinnett,QB
R.Slater,OL
R.Smith,RB
R.Spadola,WR
R.Spillane,LB
R.Stanford,NA
R.Stanley,OL
R.Starks,DL
R.Stevenson,RB
R.Stonehouse,P
R.Streater,WR
R.Succop,K
R.Sunahara,LS
R.Switzer,WR
R.Tannehill,QB
R.Taylor,OL
R.Teamer,DB
R.Telfer,TE
R.Texada,DB
R.Therezie,DB
R.Thomas,DL
R.Thompson,LB
R.Tonyan,TE
R.Travis,TE
R.Turbin,RB
R.Van Demark,OL
R.Ventrone,DB
R.Vinopal,DB
R.Wagner,OL
R.Walker,DL
R.Weaver,LB
R.Webb,RB
R.Wendell,OL
R.Wheelwright,WR
R.White,DB
R.Whitehead,WR
R.Wilborn,LB
R.Wildgoose,DB
R.Williams,DL
R.Willis,QB
R.Wilson,QB
R.Windsor,DL
R.Winslow,P
R.Woods,WR
R.Wren,DL
R.Wright,P
R.Young,DL
R.Yurachek,RB
R.Zamort,DB
S.Acho,LB
S.Adebo,DB
S.Ahmed,RB
S.Ajayi,LB
S.Alexander,LB
S.Anderson,TE
S.Anthony,LB
S.Badie,RB
S.Baggett,TE
S.Bailey,DL
S.Baker,DB
S.Bane,WR
S.Barkley,RB
S.Barrett,LB
S.Barrington,LB
S.Beal,DB
S.Bergen,RB
S.Berryhill,WR
S.Beyer,TE
S.Blacknall,WR
S.Bolden,WR
S.Bowen,DL
S.Bowman,DL
S.Bradford,QB
S.Bradley,LB
S.Brenner,OL
S.Bridges,WR
S.Brown,DB
S.Bryant,K
S.Buechele,QB
S.Burford,OL
S.Calhoun,LB
S.Cannella,TE
S.Carlson,TE
S.Carter,DB
S.Castillo,K
S.Chandler,DB
S.Charles,DL
S.Coates,WR
S.Cobbs,WR
S.Coleman,OL
S.Coley,WR
S.Cookus,QB
S.Cooper,DB
S.Cosmi,OL
S.Cotton,TE
S.Cravens,DB
S.Crichton,DL
S.Culkin,TE
S.Daly,LS
S.Daniels,LB
S.Darnold,QB
S.Davis,DB
S.Dawkins,WR
S.Day,DL
S.DeLuca,DB
S.DeValve,TE
S.Deluca,DB
S.Denmark,DB
S.Diggs,WR
S.Donatell,TE
S.Doxtater,OL
S.Drango,OL
S.Draughn,RB
S.Dunbar,WR
S.Durham,DB
S.Ebukam,LB
S.Edwards,DB
S.Eguavoen,LB
S.Ehlinger,QB
S.Evans,WR
S.Fehoko,WR
S.Ficken,K
S.Fields,WR
S.Finch,LB
S.Floyd,DL
S.Forsythe,OL
S.Franklin,DB
S.Gary,DB
S.Gibson,WR
S.Gilmore,DB
S.Golson,DB
S.Gonzalez,OL
S.Gostkowski,K
S.Graham,K
S.Green,TE
S.Griffin,DB
S.Guidry,WR
S.Gutierrez,OL
S.Hakim,WR
S.Hamilton,LB
S.Hampton,DB
S.Harlow,OL
S.Harrington,TE
S.Harris,DL
S.Hauschka,K
S.Henderson,OL
S.Hickey,OL
S.Hill,DL
S.Hofrichter,P
S.Houma,RB
S.Houston,RB
S.Howell,QB
S.Hubbard,DL
S.Hufanga,DB
S.Hutcherson,OL
S.Irwin-Hill,P
S.Ishmael,WR
S.Jackson,LB
S.Janikowski,K
S.Jean-Baptiste,DB
S.Jean-Charles,DB
S.Jenkins,DL
S.Johnson,LB
S.Jolly,DB
S.Jones,DB
S.Joseph,DL
S.Kamara,LB
S.Keely,DL
S.Kelemete,OL
S.Kelly,LB
S.Keo,DB
S.Kindley,OL
S.Koch,P
S.Latu,DL
S.Lauvao,OL
S.Lawson,DL
S.Lechler,P
S.Lee,LB
S.Lemieux,OL
S.Leonard,LB
S.Lissemore,DL
S.Liufau,QB
S.Long,OL
S.Longa,LB
S.Lotulelei,DL
S.Louis,WR
S.Luani,DB
S.Mannion,QB
S.Maponga,DL
S.Mariner,WR
S.Marks,DL
S.Martin,P
S.Mason,OL
S.McCaskill,DL
S.McClellin,LB
S.McClure,DB
S.McCormick,RB
S.McDermott,OL
S.McDuffie,LB
S.McGee,DL
S.McGrath,TE
S.McKeon,TE
S.McLendon,DL
S.McManis,DB
S.Means,DL
S.Michel,RB
S.Miller,WR
S.Mitchell,WR
S.Modster,WR
S.Monday,DB
S.Montez,QB
S.Montgomery,NA
S.Moore,LB
S.Morgan,WR
S.Morris,QB
S.Murphy-Bunting,DB
S.Mustipher,OL
S.Nacua,WR
S.Neal,DB
S.Neasman,DB
S.Nelson,DB
S.Nembot,OL
S.Norton,OL
S.Okuayinonu,DL
S.Olonilua,RB
S.Olubi,LB
S.Orndoff,TE
S.Paea,DL
S.Parker,DB
S.Patchan,DL
S.Paysinger,LB
S.Perine,RB
S.Perry,RB
S.Petteway,LB
S.Phillips,RB
S.Platzgummer,RB
S.Poindexter,WR
S.Pollard,OL
S.Porter,LB
S.Prater,DB
S.Price,DB
S.Pulley,OL
S.Quarterman,LB
S.Quessenberry,OL
S.Ramirez,DB
S.Randolph,DB
S.Rankins,DL
S.Rashad,LB
S.Ray,DL
S.Redd,RB
S.Redwine,DB
S.Renfree,QB
S.Reyes,DL
S.Rhyan,OL
S.Richardson,DL
S.Riddick,LB
S.Ridley,RB
S.Roberts,WR
S.Robinson,DL
S.Rogers,RB
S.Ryan,WR
S.Salmon,LB
S.Samuels,DB
S.Scheu,TE
S.Schlueter,OL
S.Schnell,WR
S.Scott,RB
S.Seamster,DB
S.Sheffield,LB
S.Shelton,DB
S.Shepard,WR
S.Shields,DB
S.Shippy,DL
S.Siliga,DL
S.Simonson,TE
S.Sims,WR
S.Skov,LB
S.Sloman,K
S.Smartt,TE
S.Smith,DB
S.Solomon,LB
S.Soto,DL
S.Spence,LB
S.Stepaniak,OL
S.Stephen,DL
S.Stewart,LB
S.Stupar,LB
S.Sullivan,TE
S.Surratt,WR
S.Takitaki,LB
S.Tautu,LB
S.Taylor,DB
S.Tecklenburg,OL
S.Terrell,DB
S.Teuhema,LB
S.Tevi,OL
S.Thomas,DB
S.Thomas-Oliver,DB
S.Thompson,LB
S.Tolzien,QB
S.Toney,DL
S.Toure,WR
S.Tretola,OL
S.Tripucka,P
S.Tu'ikolovatu,DL
S.Tuitt,DL
S.Tulloch,LB
S.Tuttle,DL
S.Vainuku,RB
S.Vereen,RB
S.Vernon,P
S.Vollmer,OL
S.Wade,DB
S.Ware,RB
S.Washington,TE
S.Watkins,WR
S.Weatherford,LB
S.Weatherly,DL
S.Weatherspoon,LB
S.Webb,DB
S.Williams,DB
S.Wilson,RB
S.Wimann,TE
S.Wirtel,LS
S.Wisniewski,OL
S.Womack,DB
S.Wright,DB
S.Wroblewski,TE
S.Wynn,WR
S.Young,OL
S.Zylstra,TE
T.Adams,LB
T.Addington,LS
T.Adewusi,DB
T.Allen,WR
T.Allgeier,RB
T.Alualu,DL
T.Anchrum,OL
T.Andersen,LB
T.Anderson,DB
T.Apke,DB
T.Armbrister,LB
T.Armstead,OL
T.Austin,WR
T.Averill,OL
T.Avery,DB
T.Badie,RB
T.Baker,P
T.Bandy,DB
T.Barnes,DL
T.Barney,DL
T.Basham,LB
T.Bass,K
T.Bates,LB
T.Beckett,LB
T.Beckner,DL
T.Benjamin,WR
T.Benson,WR
T.Bergstrom,OL
T.Bernard,LB
T.Bertolet,K
T.Beverette,DB
T.Biadasz,OL
T.Black,WR
T.Boggs,OL
T.Bohanon,RB
T.Bonds,DB
T.Booker,DL
T.Borland,LB
T.Bower,DL
T.Bowser,LB
T.Boyd,WR
T.Boykin,QB
T.Boyle,QB
T.Bradford,WR
T.Brady,QB
T.Branch,DB
T.Bray,QB
T.Bridgewater,QB
T.Britz,DL
T.Brock,DB
T.Brooks,DB
T.Brooks-James,RB
T.Brown,DB
T.Brunson,LB
T.Bryan,DL
T.Burgess,DB
T.Burks,WR
T.Burton,TE
T.Burwell,OL
T.Cadet,RB
T.Caldwell,DB
T.Calhoun,DB
T.Campbell,DB
T.Cannon,RB
T.Carder,LB
T.Carew,LS
T.Carpenter,DB
T.Carradine,DL
T.Carrie,DB
T.Carson,RB
T.Carter,DL
T.Castro-Fields,DB
T.Catalina,OL
T.Champion,OL
T.Chandler,RB
T.Chavis,DL
T.Chestnut,DB
T.Christion,QB
T.Clark,DL
T.Clemmings,OL
T.Cleveland,WR
T.Clutts,RB
T.Cockran,DL
T.Cofield,OL
T.Cohen,RB
T.Cole,LB
T.Coleman,RB
T.Coley,DL
T.Colon,OL
T.Colon-Castillo,OL
T.Compton,OL
T.Coney,LB
T.Conklin,TE
T.Conner,WR
T.Cook,RB
T.Coons,K
T.Costigan,DL
T.Coyle,DB
T.Cracraft,WR
T.Crawford,DL
T.Crosby,OL
T.Daley,DB
T.Daniel,P
T.Darling,OL
T.Davis,LB
T.Davis-Price,RB
T.Davison,DL
T.Decker,OL
T.Decoud,DB
T.Denbow,DB
T.Diggs,DB
T.Dixon,DB
T.Dodson,LB
T.Doles,OL
T.Doyle,OL
T.Duarte,TE
T.Dural,WR
T.Dye,LB
T.Ebner,RB
T.Edwards,LB
T.Eifert,TE
T.Ellis,DB
T.Elston,DB
T.Ervin,RB
T.Etienne,RB
T.Evans,OL
T.Fallin,OL
T.Feaster,RB
T.Fede,DL
T.Feeney,LB
T.Ferguson,QB
T.Fields,LB
T.Fisk,TE
T.Fleet-Davis,RB
T.Fletcher,LS
T.Flowers,DB
T.Fox,LB
T.Frederick,OL
T.Fryfogle,WR
T.Fulgham,WR
T.Fuller,DB
T.Fumagalli,TE
T.Gabriel,WR
T.Gaffney,RB
T.Gafford,LS
T.Galeai,DL
T.Garvin,LB
T.Gauthier,OL
T.Gentry,WR
T.Gerhart,RB
T.Gill,P
T.Gillespie,DB
T.Ginn,WR
T.Gipson,DB
T.Glass,DB
T.Glover-Wright,DB
T.Godwin,WR
T.Goodson,RB
T.Graham,DB
T.Gray,LB
T.Green,DB
T.Griffey,WR
T.Gurley,RB
T.Hairston,RB
T.Hali,LB
T.Hall,LB
T.Hanks,LB
T.Hansen,WR
T.Harbison,RB
T.Harris,DB
T.Hart,DL
T.Hartfield,DB
T.Hawkins,DB
T.Haycraft,OL
T.Hearn,OL
T.Heatherly,P
T.Heinicke,QB
T.Hemingway,TE
T.Henderson,DB
T.Hennessy,LS
T.Hennigan,WR
T.Hester,DL
T.Higbee,TE
T.Higgins,WR
T.Hightower,RB
T.Hill,DB
T.Hills,OL
T.Hilton,WR
T.Hockenson,TE
T.Hodges,TE
T.Hoge,OL
T.Holmes,DL
T.Homer,RB
T.Hopkins,OL
T.Hoppes,TE
T.Horne,DL
T.Howard,LB
T.Hudson,TE
T.Huntley,QB
T.Irwin,WR
T.Ives,WR
T.Jackson,DL
T.Jacobs,DB
T.James,WR
T.Jarrett,DL
T.Jefferson,DB
T.Jenkins,OL
T.Jernigan,DL
T.Jerod-Eddie,DL
T.Johnson,DB
T.Johnstone,OL
T.Jones,WR
T.Jonsen,WR
T.Karras,OL
T.Kelce,TE
T.Kennedy,WR
T.Keyes,DB
T.King,WR
T.Kinnel,DB
T.Knight,QB
T.Knighton,DL
T.Koroma,OL
T.Kpassagnon,DL
T.Kraemer,OL
T.Kroft,TE
T.Kuder,DL
T.Lamar,LB
T.Lancaster,DL
T.Lance,QB
T.Lang,OL
T.Larsen,OL
T.Lathan,DL
T.Laulile,DL
T.Lawrence,QB
T.Lee,QB
T.Lelito,OL
T.Lewan,OL
T.Lewis,WR
T.Linderbaum,OL
T.Lippett,DB
T.Lobendahn,OL
T.Lockett,WR
T.Logan,RB
T.Long,P
T.Lupeamanu,DL
T.Mabry,TE
T.Mack,WR
T.Madden,RB
T.Maddox-Williams,LB
T.Magee,RB
T.Mangen,TE
T.Marcordes,LB
T.Marshall,DB
T.Marz,OL
T.Mason,RB
T.Masthay,P
T.Matakevich,LB
T.Mathieu,DB
T.Mathis,DB
T.Matthews,DB
T.Mayfield,TE
T.McAllister,RB
T.McBride,WR
T.McCann,K
T.McClain,DL
T.McCloskey,RB
T.McCollum,DB
T.McDaniel,DL
T.McDonald,DB
T.McDuffie,DB
T.McEvoy,WR
T.McFadden,DB
T.McGhee,DB
T.McGill,DL
T.McGowan,RB
T.McKinley,DL
T.McKitty,TE
T.McLaurin,WR
T.McMillian,RB
T.McNamara,TE
T.McRae,DB
T.McSorley,QB
T.McSwain,DL
T.McTyer,DB
T.Millard,RB
T.Mitchel,DB
T.Mitchell,DB
T.Mizzell,RB
T.Moehrig,DB
T.Montgomery,RB
T.Moore,DB
T.Morstead,P
T.Moss,TE
T.Moton,OL
T.Moultry,LB
T.Mullen,DB
T.Munford,OL
T.Murphy,DL
T.Muse,LB
T.Mutcherson,DB
T.Newby,RB
T.Newman,DB
T.Newsome,P
T.Niklas,TE
T.Nixon,DB
T.Norwood,DB
T.Obarski,K
T.Odenigbo,DL
T.Odukoya,TE
T.Okeke,LB
T.Okpalaugo,LB
T.Orlosky,OL
T.Ott,LS
T.Owen,OL
T.Palepoi,DL
T.Parks,LB
T.Parris,OL
T.Patmon,DB
T.Patrick,WR
T.Penning,OL
T.Pepper,LS
T.Phillips,OL
T.Pipkins,OL
T.Pledger,RB
T.Plummer,LB
T.Poljan,TE
T.Pollard,RB
T.Polumbus,OL
T.Poole,OL
T.Pope,RB
T.Porter,DB
T.Powell,DB
T.Pride,DB
T.Pryor,WR
T.Purdum,LS
T.Quinn,WR
T.Quitoriano,TE
T.Raciti,DL
T.Ragas,RB
T.Rahming,WR
T.Rapp,DB
T.Rawls,RB
T.Redding,WR
T.Reed,DB
T.Reeder,LB
T.Reilly,LB
T.Render,DL
T.Renew,RB
T.Riddick,RB
T.Roach,LB
T.Roberson,DB
T.Robinson,DB
T.Roemer,OL
T.Romo,QB
T.Rudolph,WR
T.Russolino,K
T.Salter,WR
T.Saltes,OL
T.Sambrailo,OL
T.Samuel,WR
T.Sanders,DL
T.Sankoh,DB
T.Savage,QB
T.Scales,LB
T.Scott,OL
T.Semisch,TE
T.Sermon,RB
T.Settle,DL
T.Sharpe,WR
T.Shatley,OL
T.Shaw,LB
T.Shelby,DL
T.Shelvin,DL
T.Sherfield,WR
T.Sieg,LS
T.Siemian,QB
T.Sigler,DB
T.Simmons,TE
T.Simon,DB
T.Sinkfield,DB
T.Skipper,LB
T.Slaton,DL
T.Slavin,WR
T.Smart,DL
T.Smith,DB
T.Snead,WR
T.Sprinkle,DL
T.St. Louis,OL
T.Stallworth,DL
T.Starr,LB
T.Steele,OL
T.Sterling,DB
T.Stevens,QB
T.Stevenson,DL
T.Steward,LB
T.Stoudermire,WR
T.Suggs,LB
T.Sullivan,DB
T.Summers,LB
T.Swanson,OL
T.Sweeney,TE
T.Swilling,DB
T.Swoopes,TE
T.Symmank,P
T.Tabor,DB
T.Tagovailoa,QB
T.Tart,DL
T.Taylor,WR
T.Thomas,DB
T.Thompson,DB
T.Thornton,WR
T.Thurman,OL
T.Tisdale,DL
T.Togiai,DL
T.Toivonen,WR
T.Townsend,P
T.Tremble,TE
T.Tupou,DL
T.Turner,OL
T.Vallejo,LB
T.Vasher,WR
T.Vaughn,OL
T.Vaughns,WR
T.Vea,DL
T.Vizcaino,K
T.Volson,OL
T.Vornkahl,OL
T.Vrabel,OL
T.Wade,DB
T.Walker,DB
T.Wallace,WR
T.Wallace-Simms,OL
T.Ward,DL
T.Warner,DB
T.Washington,LB
T.Watkins,WR
T.Watson,RB
T.Watt,LB
T.Waugh,LB
T.Way,P
T.Waynes,DB
T.Weathersby,OL
T.Webb,DB
T.Wesco,TE
T.West,RB
T.Westbrook,TE
T.Wharton,DL
T.Wheatley,OL
T.White,DB
T.Whitehead,LB
T.Williams,DB
T.Wilson,DB
T.Wirfs,OL
T.Wood,TE
T.Woolen,DB
T.Wright,TE
T.Yates,QB
T.Yeldon,RB
T.Young,DB
T.Zimmerman,DB
U.Amadi,DB
U.Eligwe,LB
U.Gilbert,LB
U.Igwenagu,TE
U.John,OL
U.Kamalu,DL
U.Nwachukwu,WR
U.Nwosu,LB
U.Unga,LB
V.Alexander,OL
V.Ballard,RB
V.Beasley,LB
V.Bell,DB
V.Bentley,DB
V.Biegel,LB
V.Blake,DB
V.Bolden,WR
V.Brown,WR
V.Bryant,WR
V.Burfict,LB
V.Butler,DL
V.Charlton,DL
V.Cruz,WR
V.Curry,DL
V.Davis,TE
V.Diggs,LB
V.Dimukeje,LB
V.Dora,DL
V.Ducasse,OL
V.Gray,DB
V.Green,TE
V.Gurman,OL
V.Hargreaves,DB
V.Harris,DB
V.Holmes,RB
V.Hrynkiewicz,OL
V.Jackson,WR
V.Jefferson,WR
V.Jones,WR
V.Joseph,LB
V.Lowe,OL
V.Mayle,WR
V.McDonald,TE
V.McKinley,DB
V.Miller,LB
V.Ochi,LB
V.Painter,OL
V.Rey,LB
V.Salako,OL
V.Scott,DB
V.Showers,WR
V.Smith,WR
V.Sunseri,DB
V.Taylor,DL
V.Teofilo,OL
V.Testaverde,QB
V.Ume-Ezeoke,OL
V.Valentine,DL
V.Walker,DL
V.Wilfork,DL
V.Williams,LB
W.Adams,DB
W.Aikens,DB
W.Allen,DB
W.Baron,DL
W.Beatty,OL
W.Beavers,OL
W.Blackmon,DB
W.Bradley-King,DL
W.Campbell,OL
W.Chandler,TE
W.Chapman,LS
W.Clapp,OL
W.Clarke,DL
W.Colon,OL
W.Compton,LB
W.Craig,DL
W.Cross,TE
W.Daniel,QB
W.Davis,DB
W.Dissly,TE
W.Dunkle,OL
W.Farnsworth,LS
W.Freeman,OL
W.French,OL
W.Fries,OL
W.Fromm,QB
W.Fuller,WR
W.Gallman,RB
W.Gatewood,DB
W.Gay,DB
W.Gholston,DL
W.Gilberry,DL
W.Grant,RB
W.Grier,QB
W.Guy,DB
W.Hamilton,DL
W.Hansen,OL
W.Harris,DB
W.Harvey,LB
W.Harvin,WR
W.Hayes,DL
W.Henry,DL
W.Hernandez,OL
W.Herndon,DB
W.Hill,DB
W.Hills,RB
W.Holden,OL
W.Horton,DL
W.House,OL
W.Hubert,DL
W.Jackson,DB
W.Johnson,OL
W.Kwenkeu,LB
W.Legursky,OL
W.Likely,DB
W.Little,OL
W.Long,LB
W.Lutz,K
W.Martin,OL
W.Matthews,LB
W.Mays,LB
W.McManis,LB
W.Mercilus,LB
W.Miller,OL
W.Monday,P
W.Montgomery,OL
W.Ossai,LB
W.Palmore,DL
W.Parks,DB
W.Pericak,OL
W.Poehls,OL
W.Powell,WR
W.Previlon,DL
W.Ratelle,RB
W.Ray,DL
W.Redmond,DB
W.Richardson,OL
W.Richburg,OL
W.Rose,DB
W.Royal,WR
W.Saxton,TE
W.Schweitzer,OL
W.Sherman,OL
W.Smallwood,RB
W.Snead,WR
W.Speight,QB
W.Stanback,RB
W.Sunderland,DB
W.Sutton,DL
W.Sweet,OL
W.Teller,OL
W.Tolbert,RB
W.Tukuafu,RB
W.Turner,OL
W.Tye,TE
W.Webb,DB
W.Welker,WR
W.Williams,WR
W.Winn,DL
W.Woodyard,LB
W.Wright,OL
W.Yarbary,DL
W.Young,LB
X.Coleman,DB
X.Cooper,DL
X.Crawford,DB
X.Grimble,TE
X.Howard,DB
X.Jones,RB
X.Kelly,DL
X.McKinney,DB
X.Newman-Johnson,OL
X.Rhodes,DB
X.Rush,WR
X.Su'a-Filo,OL
X.Turner,RB
X.Williams,DL
X.Woods,DB
X.Woodson-Luster,LB
Y.Bethune,LB
Y.Cajuste,OL
Y.Corker,DB
Y.Cudjoe-Virgil,LB
Y.Durant,OL
Y.Gross-Matos,DL
Y.Koo,K
Y.Ngakoue,DL
Y.Nijman,OL
Y.Shelley,DB
Z.Allen,DL
Z.Anderson,LB
Z.Bailey,OL
Z.Banner,OL
Z.Baun,LB
Z.Beadles,OL
Z.Brooks,RB
Z.Brown,LB
Z.Carlis,DL
Z.Carter,DL
Z.Collins,LB
Z.Conque,TE
Z.Crabtree,OL
Z.Cunningham,LB
Z.Davidson,TE
Z.Dawe,DL
Z.DeOssie,LS
Z.Dysert,QB
Z.Ertz,TE
Z.Franklin,LB
Z.Fulton,OL
Z.Gentry,TE
Z.Gilbert,DB
Z.Golditch,OL
Z.Gonzalez,K
Z.Gooden,LB
Z.Henderson,DL
Z.Hocker,K
Z.Hodges,LB
Z.Hood,DL
Z.Johnson,OL
Z.Kerin,OL
Z.Kerr,DL
Z.Knight,RB
Z.Laskey,RB
Z.Lewis,DB
Z.Line,RB
Z.Martin,OL
Z.McClain,LB
Z.McCloud,LB
Z.McCollum,DB
Z.McPhearson,DB
Z.Mettenberger,QB
Z.Miller,TE
Z.Mitchell-Paden,TE
Z.Moore,DL
Z.Moss,RB
Z.Obeid,OL
Z.Olstad,RB
Z.Orr,LB
Z.Pascal,WR
Z.Sanchez,DB
Z.Shackelford,OL
Z.Sieler,DL
Z.Smith,LB
Z.Sterup,OL
Z.Strief,OL
Z.Sudfeld,TE
Z.Thomas,OL
Z.Tom,OL
Z.Triner,LS
Z.VanValkenburg,DL
Z.Vigil,LB
Z.Voytek,OL
Z.Wagenmann,LB
Z.White,RB
Z.Wilson,QB
Z.Wood,LS
Z.Zenner,RB
